"","sample","condition","celltype","UMAP_1","UMAP_2"
"AACCGCGTCCAGAGGA-2","2","SHAM","Endothelial",1.26768133759395,-10.0366368259659
"AACTCAGCACGAGGTA-2","2","SHAM","Endothelial",1.77070770382777,-9.44868802683257
"AACTCTTGTGCGAAAC-2","2","SHAM","Endothelial",0.292501307724867,-9.78111791269682
"AAGGAGCAGGATCGCA-2","2","SHAM","Endothelial",1.10588262200252,-10.4549984897842
"ACACCAAAGACCCACC-2","2","SHAM","Endothelial",-3.37487628340825,-10.0340418781509
"ACACCGGAGCTACCGC-2","2","SHAM","Endothelial",3.97005531906978,-8.89960527079008
"ACATCAGTCTGCAAGT-2","2","SHAM","Endothelial",1.46796486496821,-8.51420545236967
"ACATGGTCAAGAGTCG-2","2","SHAM","Endothelial",0.0840256099392513,-10.3813948597183
"ACCCACTGTTCATGGT-2","2","SHAM","Pericyte",-1.49250855326756,-7.80454015390776
"ACTGTCCTCATCGGAT-2","2","SHAM","Endothelial",-0.058050282598581,-9.50191735880278
"ACTTGTTAGTATCGAA-2","2","SHAM","Endothelial",-2.44462373137578,-10.779340263771
"AGATCTGGTTGAGTTC-2","2","SHAM","Endothelial",0.23055227816001,-11.1034483875503
"AGCTCTCCATTAACCG-2","2","SHAM","SMC",-5.02018215537175,-8.60912942545317
"AGGGATGAGGCTAGCA-2","2","SHAM","Endothelial",-2.20858600020513,-9.27558946268462
"AGGTCCGAGAAGGTTT-2","2","SHAM","Endothelial",-2.89225938201055,-9.96350812570952
"AGTCTTTCACTAAGTC-2","2","SHAM","Endothelial",-1.73334553122624,-9.88661718027495
"AGTGAGGTCTTAGCCC-2","2","SHAM","Endothelial",-3.73754241347417,-10.2076525654068
"AGTGGGAGTCTTCAAG-2","2","SHAM","Endothelial",-3.15616752982244,-10.1625313724747
"ATCATGGTCTCCCTGA-2","2","SHAM","Endothelial",1.45579133152858,-10.5652956928482
"ATTCTACTCTGCTTGC-2","2","SHAM","Endothelial",-2.86645343184575,-10.5690693821182
"CACACAACATCATCCC-2","2","SHAM","Endothelial",3.94976065277949,-9.00514936106108
"CAGGTGCCACGTGAGA-2","2","SHAM","Endothelial",3.26388356804744,-9.29075193064116
"CATCAGACATTAGGCT-2","2","SHAM","Endothelial",-0.41074260354146,-10.6130557026138
"CATGGCGTCAGCTTAG-2","2","SHAM","Endothelial",2.50454328179256,-9.85417031900786
"CCCTCCTAGACTCGGA-2","2","SHAM","Endothelial",-0.105404891372766,-11.0841917957535
"CCCTCCTCAGCTGCTG-2","2","SHAM","Endothelial",-3.31326963782414,-10.4201884235611
"CCGGTAGTCGTTTGCC-2","2","SHAM","Endothelial",-3.62481596350774,-9.7103972400894
"CCTATTATCTGGTATG-2","2","SHAM","Pericyte",3.06812737107173,-8.21293878214262
"CCTCTGATCTATGTGG-2","2","SHAM","Endothelial",2.361268736123,-10.0149693454971
"CCTTCGAGTTCGGGCT-2","2","SHAM","Endothelial",-5.34542133689031,-8.2220578159561
"CGAGCCATCTTTACGT-2","2","SHAM","Endothelial",-3.03506305098638,-9.71651982920073
"CGATGGCGTTGGAGGT-2","2","SHAM","Endothelial",1.17826089978114,-10.4460768665542
"CGATGTAGTGCGAAAC-2","2","SHAM","Endothelial",-4.79893114447698,-9.12050866739653
"CGATGTATCCAATGGT-2","2","SHAM","Endothelial",-0.441654525996294,-9.70200585977934
"CGATTGACAGTAAGAT-2","2","SHAM","Endothelial",2.34902427315608,-9.46459626810454
"CGGACGTAGAATGTGT-2","2","SHAM","Endothelial",-2.33018567442998,-9.65529489176176
"CGGGTCAAGCTGAACG-2","2","SHAM","Endothelial",-1.08995642542943,-9.82985257761382
"CGTCACTAGTAGATGT-2","2","SHAM","Endothelial",-2.14201500296697,-9.18945836679839
"CGTCTACCATACTACG-2","2","SHAM","Endothelial",-1.87886013865575,-8.73012303964995
"CGTGTAACAAGTTAAG-2","2","SHAM","Endothelial",4.44862125038997,-8.73745393412016
"CTAACTTAGCAATATG-2","2","SHAM","Endothelial",2.73908112168208,-9.00999784128569
"CTACCCATCGCTGATA-2","2","SHAM","Pericyte",-1.35951545119389,-9.00582360880278
"CTCGAGGTCGAGCCCA-2","2","SHAM","Pericyte",-0.61852201104268,-8.83075379984282
"CTGTGCTAGATAGGAG-2","2","SHAM","Endothelial",-3.41338899016484,-9.84152459757231
"CTGTTTACAGTATAAG-2","2","SHAM","Endothelial",1.65821180462733,-10.6988577808609
"CTTAACTAGATCGGGT-2","2","SHAM","Endothelial",-4.59785320639714,-9.42895650522612
"GAACGGAAGTGACTCT-2","2","SHAM","Endothelial",-0.697566412688341,-10.1147637333145
"GAAGCAGGTTAAGACA-2","2","SHAM","Endothelial",1.25148067593471,-10.6944432224502
"GAATGAACAGGCAGTA-2","2","SHAM","Endothelial",3.73144123673335,-9.28632974283598
"GACGTTAGTGAGTATA-2","2","SHAM","Endothelial",-3.60157229781255,-9.10834264414214
"GACTAACCAGTACACT-2","2","SHAM","Endothelial",1.20429179787532,-10.4207529987564
"GACTGCGAGTTCGCAT-2","2","SHAM","Endothelial",-2.10612180113896,-7.15591334955595
"GAGCAGACACAGAGGT-2","2","SHAM","Endothelial",-3.07724811911687,-10.6232533420791
"GATCAGTTCTTCGAGA-2","2","SHAM","SMC",-4.09697534918889,-5.78184795038603
"GATCGATGTCAGAAGC-2","2","SHAM","Endothelial",4.96716449379817,-7.26998567240141
"GATCGTACAAGCCCAC-2","2","SHAM","Endothelial",-0.184899412394609,-8.66332196848296
"GATGCTAGTTGAACTC-2","2","SHAM","Pericyte",2.79017374634639,-8.06607007639311
"GATTCAGAGCTATGCT-2","2","SHAM","Endothelial",-2.70806743979558,-10.066356178688
"GCACTCTCATACTCTT-2","2","SHAM","Endothelial",3.54830072045222,-8.20365667002104
"GCCAAATGTTACGACT-2","2","SHAM","Endothelial",5.10922048210994,-6.96516513483427
"GCCAAATGTTATCCGA-2","2","SHAM","SMC",-4.89223244071111,-7.86011790888213
"GCGACCACATTAGCCA-2","2","SHAM","SMC",-5.10606338858708,-8.37536763803862
"GCGACCAGTTACGACT-2","2","SHAM","Endothelial",-3.34896423697576,-8.21337651865385
"GCGCAGTTCGCTGATA-2","2","SHAM","Endothelial",4.49040506005183,-8.13976335184477
"GCGCGATGTACTTCTT-2","2","SHAM","Endothelial",4.39696166634456,-8.60392713205717
"GCTGCTTCACTGCCAG-2","2","SHAM","Endothelial",-4.28312542319402,-10.0575938190689
"GCTTGAACAAGTTCTG-2","2","SHAM","Endothelial",-4.83455040335759,-9.48743390695952
"GCTTGAATCAAGGCTT-2","2","SHAM","Endothelial",0.576929010151778,-10.6452984775772
"GGAAAGCGTTAAGTAG-2","2","SHAM","Endothelial",-4.67532637000188,-9.43235635416411
"GGATTACAGTCATCCA-2","2","SHAM","Endothelial",1.05262074589625,-10.2519364322891
"GGGAGATAGGGTCTCC-2","2","SHAM","Pericyte",-0.922383271456804,-8.56821202890776
"GGGATGACAGTATGCT-2","2","SHAM","Endothelial",2.10055182099238,-10.1763863529434
"GTAGTCATCATCACCC-2","2","SHAM","Endothelial",3.08546874642268,-10.0078654255142
"GTATCTTAGGACAGAA-2","2","SHAM","Endothelial",-3.31080629706487,-9.48809289591216
"GTCATTTTCTTGCATT-2","2","SHAM","Endothelial",1.99209544777766,-9.86060666696928
"GTGCTTCAGTGTGGCA-2","2","SHAM","Endothelial",-0.309731237889375,-11.0461621250381
"TACGGGCAGTGTGAAT-2","2","SHAM","Endothelial",3.93974206566707,-9.08943795816801
"TACGGTAGTTAAGTAG-2","2","SHAM","SMC",-4.45418550849065,-8.3135466541519
"TAGCCGGTCAGCTCGG-2","2","SHAM","Endothelial",-3.61265685439214,-9.57922696726225
"TATGCCCTCGCAAGCC-2","2","SHAM","Endothelial",0.735145248173628,-10.9233088459244
"TCTCATAGTTGCGCAC-2","2","SHAM","Endothelial",0.0312661395211557,-10.5701775516739
"TGACTAGAGACCTAGG-2","2","SHAM","Endothelial",-2.67583229422673,-8.1050095524063
"TGACTAGCATACGCTA-2","2","SHAM","Endothelial",3.8450538885583,-9.01949834482573
"TGAGCATCAAATCCGT-2","2","SHAM","Pericyte",-2.17228748679265,-9.02743196146391
"TGAGCCGGTTCAGTAC-2","2","SHAM","Endothelial",-4.33433916449651,-9.47837113993071
"TGAGCCGTCTTCGGTC-2","2","SHAM","Endothelial",-3.97527983069524,-10.0051484073868
"TGATTTCGTCGCGGTT-2","2","SHAM","Endothelial",2.18522594094172,-10.3660769428482
"TGCCAAACACAACGTT-2","2","SHAM","Endothelial",-4.27930691123113,-9.61061048166655
"TGGTTCCCAGGTCTCG-2","2","SHAM","Endothelial",-1.92068507552251,-8.80918645517729
"TGTATTCAGAGACTTA-2","2","SHAM","Endothelial",2.78206417679683,-9.70991754190825
"TTATGCTGTTCATGGT-2","2","SHAM","Endothelial",0.916225112675581,-10.3505825962295
"TTCTCCTCACGAAACG-2","2","SHAM","Endothelial",-2.54084899306401,-10.1348757709732
"TTGTAGGGTTGTCTTT-2","2","SHAM","Endothelial",-3.36931445479497,-7.88933038370512
"TTTACTGGTCTTGTCC-2","2","SHAM","Endothelial",0.474837757347975,-9.78421067850493
"TTTGTCATCCTTCAAT-2","2","SHAM","Endothelial",-3.14421632170781,-9.67226552622221
"AACTTTCCATGTAGTC-3","3","TAC","Endothelial",-0.34617801785573,-10.6254334415665
"AAGGCAGAGAGCCCAA-3","3","TAC","Endothelial",2.19452712654964,-9.76939057962798
"ACCCACTAGCTCTCGG-3","3","TAC","Endothelial",4.05173061013118,-8.31691503183745
"ACGGAGAGTACCGCTG-3","3","TAC","Endothelial",-2.92290260672673,-9.06269502298735
"ACTATCTTCAGCGACC-3","3","TAC","Endothelial",4.56057260155574,-8.3936419452896
"ACTGAGTAGTAGGTGC-3","3","TAC","Endothelial",-4.04977896094426,-8.41162347452544
"AGCTTGACACACCGAC-3","3","TAC","Endothelial",-3.06049945235356,-9.59161519663237
"AGGTCATTCAATAAGG-3","3","TAC","Pericyte",-3.54739239096745,-7.71214723246001
"ATGAGGGAGAGGTACC-3","3","TAC","Endothelial",4.89821813225642,-8.00213813440703
"ATGCGATGTACTTGAC-3","3","TAC","Endothelial",5.08972880959407,-7.3767585720291
"CAAGGCCGTATTAGCC-3","3","TAC","Endothelial",-1.33585550665959,-9.24785947458647
"CACACTCCAGCCAGAA-3","3","TAC","Endothelial",4.00523874878779,-8.49070882456206
"CACAGGCCAATGGAGC-3","3","TAC","Endothelial",-3.81235554099187,-8.9443535770645
"CACATTTCACCTCGGA-3","3","TAC","Endothelial",-3.54434683203801,-8.81736993448637
"CAGCGACAGATCACGG-3","3","TAC","Endothelial",2.76931951165095,-10.3034958805313
"CAGGTGCGTGAGGGAG-3","3","TAC","Endothelial",-2.82442166686162,-10.3507399524917
"CAGTCCTTCCTAGAAC-3","3","TAC","Endothelial",-1.41320636153325,-10.6913790668716
"CATCCACAGGCTAGCA-3","3","TAC","SMC",-4.84268572211369,-6.97208785669707
"CATCGAAAGATGGGTC-3","3","TAC","SMC",-5.39413120627507,-7.44705104486845
"CCAATCCAGGTAAACT-3","3","TAC","SMC",-5.31245424628362,-8.17190599100493
"CCGGTAGAGAGGACGG-3","3","TAC","Endothelial",-3.56672265410527,-10.1508212055435
"CCTCAGTCACCTTGTC-3","3","TAC","Pericyte",-3.38339831709966,-7.65815782205962
"CGACTTCGTCAATGTC-3","3","TAC","Endothelial",2.28586290001765,-9.60149049417876
"CGTCTACAGGAGCGAG-3","3","TAC","Endothelial",-2.32447960257634,-8.7935271229019
"CGTTAGAGTTACGCGC-3","3","TAC","Endothelial",-1.75804140448674,-8.78727578775786
"CTACACCAGGCAGTCA-3","3","TAC","Endothelial",0.153337262271796,-10.0939898456802
"CTAGTGATCTTGCCGT-3","3","TAC","SMC",-5.36759331107243,-7.94059037821196
"CTGATCCCAAAGCAAT-3","3","TAC","Endothelial",1.0933940184106,-10.3072409595718
"GAAATGAGTGCTGTAT-3","3","TAC","Fibroblast",-7.57427170157536,4.40048694951631
"GAAGCAGAGGATGGTC-3","3","TAC","Endothelial",-4.42683412909612,-8.42378854410551
"GACACGCGTCCAGTGC-3","3","TAC","SMC",-4.4306550252448,-9.25274610178374
"GACACGCTCGCTAGCG-3","3","TAC","Endothelial",5.12101695656673,-7.70690154688261
"GACGGCTTCAGTGCAT-3","3","TAC","Endothelial",-2.28562190413579,-10.5232138599624
"GAGGTGAGTCTAAACC-3","3","TAC","Endothelial",-3.58714368224248,-9.66138219492339
"GATCTAGCAGGACCCT-3","3","TAC","Endothelial",-0.757558785677995,-10.8591608967056
"GCATACACAAGTCATC-3","3","TAC","Endothelial",-0.400555543900575,-10.9339518512955
"GCGCGATAGAGTTGGC-3","3","TAC","Endothelial",1.37756512284175,-10.5880541767349
"GGACAAGAGGGTTCCC-3","3","TAC","SMC",-4.39458992362126,-8.67696237223051
"GGACATTTCCGGGTGT-3","3","TAC","Endothelial",2.65977547287837,-8.4153647388687
"GGACGTCTCCTACAGA-3","3","TAC","Endothelial",-1.36987271189794,-10.8203663791885
"GGCAATTAGGCTAGGT-3","3","TAC","Endothelial",-1.76260652423009,-10.999539848732
"GGGCACTAGCCAGTAG-3","3","TAC","Endothelial",-2.61652519583806,-6.42425775186919
"GTAACTGCATGCATGT-3","3","TAC","Endothelial",0.681305266617689,-8.97042512552641
"GTACGTAAGGGAAACA-3","3","TAC","Endothelial",-3.39480306983098,-9.45303392069243
"GTACTTTTCAGTCCCT-3","3","TAC","Endothelial",-0.0299907255183121,-9.46440171854399
"GTAGTCACAGCCTATA-3","3","TAC","SMC",-4.97450353980168,-7.32784175531767
"GTCACGGAGGAGTTGC-3","3","TAC","Endothelial",-1.61596264720067,-9.42961549417876
"GTGCAGCCACGAAAGC-3","3","TAC","Endothelial",-3.0161042439948,-10.5203757251968
"GTGCATAAGCGTTTAC-3","3","TAC","Endothelial",3.49509570717708,-9.60806417124174
"TACACGAAGTGTGAAT-3","3","TAC","Endothelial",4.86227843880549,-8.17247342722319
"TACGGATCAGCTCGCA-3","3","TAC","Endothelial",1.83503720879451,-9.98697900431059
"TCAGCTCAGTGGGTTG-3","3","TAC","Pericyte",0.750701285599623,-8.20159482614897
"TCTGGAAAGGAGCGAG-3","3","TAC","Endothelial",0.76902202486888,-10.3422636951675
"TCTGGAAGTATGGTTC-3","3","TAC","Endothelial",2.95370814919368,-9.33888578073882
"TGCGCAGCAAGACACG-3","3","TAC","Endothelial",-0.535385869742479,-10.6148877109756
"TGGCTGGCATCGATTG-3","3","TAC","Endothelial",2.68812296509639,-10.2678465809097
"TGGGCGTGTTACGACT-3","3","TAC","Endothelial",-0.493755065203752,-10.396081444191
"TGTATTCAGTGCCATT-3","3","TAC","Endothelial",-1.35873594164952,-10.5634055103531
"TGTTCCGGTAGGCATG-3","3","TAC","Endothelial",-4.69790508627995,-9.53111505167387
"TTAGGCACACGCGAAA-3","3","TAC","Endothelial",-4.41857960105046,-8.29960298197173
"TTCTCCTTCTTGTATC-3","3","TAC","Endothelial",2.01280317425624,-9.74759626047514
"TTGCCGTTCTGCGTAA-3","3","TAC","Endothelial",-4.21651127219304,-10.1268315281143
"AACCGCGGTAGAAAGG-2","2","SHAM","MP.Resident",9.25919578194514,3.464624169899
"AACTCAGTCTTAGCCC-2","2","SHAM","MP.MO.Derived",6.99051330208674,-1.65372526304625
"AATCGGTTCGGATGTT-2","2","SHAM","MP.MO.Derived",6.46152017235652,-0.804515119956955
"ACACCGGTCACTTCAT-2","2","SHAM","MP.MO.Derived",6.22852132439509,-0.414022948907837
"ACATCAGAGCTAACTC-2","2","SHAM","MP.MO.Derived",9.04368064522639,-1.54614841596983
"ACCGTAAAGTTGAGTA-2","2","SHAM","MP.Resident",9.14440486550227,4.46081972463228
"ACGGCCATCGTCACGG-2","2","SHAM","MP.Resident",10.6479239237298,5.42649269445039
"ACTGAGTGTCTCACCT-2","2","SHAM","MP.MO.Derived",9.93604323983089,-1.33703386442564
"AGAATAGAGCTAGTCT-2","2","SHAM","MP.MO.Derived",8.05274102806941,-1.43195354597472
"AGACGTTCATTCTCAT-2","2","SHAM","MP.Resident",10.0381855738153,6.64163446767427
"AGGCCACCATGTTGAC-2","2","SHAM","MP.MO.Derived",9.19052741646663,-1.15813564913176
"AGTGTCATCATAGCAC-2","2","SHAM","MP.Resident",9.60590026497737,4.62433863027193
"ATAACGCGTCAAGCGA-2","2","SHAM","MP.MO.Derived",9.81507156014339,1.51208925588228
"ATAACGCTCTTACCTA-2","2","SHAM","MP.MO.Derived",9.70084331154719,4.22429275853731
"ATGCGATGTAAGCACG-2","2","SHAM","MP.MO.Derived",7.81950280785457,-0.38070553200148
"ATGCGATGTTCGGGCT-2","2","SHAM","MP.MO.Derived",8.43701026558772,-1.8092137541046
"CAACCTCCAGCTGCAC-2","2","SHAM","MP.MO.Derived",8.80891749977962,-0.992799993919358
"CACACTCAGTCGAGTG-2","2","SHAM","MP.MO.Derived",10.2760042917718,3.25436306340791
"CACACTCTCGGCGCAT-2","2","SHAM","MP.Resident",10.2565350306024,5.88621139867403
"CACCACTTCCTTCAAT-2","2","SHAM","MP.MO.Derived",9.60200927376643,1.26914835317232
"CACCAGGGTAGCCTCG-2","2","SHAM","MP.Resident",11.9573054087152,1.99889827115633
"CAGCTAACACAGCGTC-2","2","SHAM","MP.Resident",11.6028980982293,2.82684660298921
"CAGTCCTGTACAAGTA-2","2","SHAM","MP.MO.Derived",7.27162644982234,-1.71934663908385
"CATCAGATCGGCGCAT-2","2","SHAM","MP.MO.Derived",9.75232646584407,0.245957199169174
"CATCCACGTAGATTAG-2","2","SHAM","MP.Resident",7.78646037697688,6.81359577519991
"CATGCCTGTCAAGCGA-2","2","SHAM","MP.Resident",8.09647128701106,5.26331138951875
"CATTATCTCGCATGAT-2","2","SHAM","MP.Resident",9.61736819863216,4.46612978322603
"CATTATCTCTCTGCTG-2","2","SHAM","MP.MO.Derived",7.71056316018001,-2.15289497034453
"CCAATCCTCTTTACAC-2","2","SHAM","MP.Resident",9.66016910195247,2.42504334790803
"CCACGGAGTTCGTCTC-2","2","SHAM","MP.Resident",10.0971178781976,5.0124220882187
"CCAGCGAGTCGCATCG-2","2","SHAM","MP.Resident",9.47329661965266,3.54306364400484
"CCATTCGTCGACGGAA-2","2","SHAM","MP.MO.Derived",10.4060358774652,1.30081808908083
"CCGGTAGAGAGGTACC-2","2","SHAM","MP.MO.Derived",7.98296592354671,-0.731875595020279
"CCGTACTTCCTGTACC-2","2","SHAM","MP.Resident",8.74422977089778,4.51363516194917
"CCTAAAGAGGAGTTTA-2","2","SHAM","MP.MO.Derived",10.1568083536615,-0.49004944817923
"CCTACACGTATTCTCT-2","2","SHAM","MP.Resident",11.0677151453485,6.0698590312729
"CCTCTGAAGGAGTCTG-2","2","SHAM","MP.Resident",11.5554632914056,5.24763775212862
"CCTCTGAAGTACTTGC-2","2","SHAM","MP.Resident",11.2932057154168,6.04407549245454
"CGAACATCAGGACCCT-2","2","SHAM","MP.Resident",8.0874924433221,6.62375974996187
"CGATGTAAGTCGAGTG-2","2","SHAM","MP.Resident",8.69688651680842,6.70674133641817
"CGCCAAGCACACCGAC-2","2","SHAM","MP.Resident",10.921407200097,4.40337944371797
"CGCCAAGCAGACAGGT-2","2","SHAM","MP.Resident",9.90333984017268,6.1444702182541
"CGCTTCAGTCACACGC-2","2","SHAM","MP.Resident",11.750077701806,3.42026400907136
"CGGAGTCCATGGAATA-2","2","SHAM","MP.Resident",12.2847113382806,3.84704470975496
"CGTCACTTCAACGGCC-2","2","SHAM","MP.Resident",9.54313705086604,4.23134947164156
"CGTCAGGTCCTCTAGC-2","2","SHAM","MP.MO.Derived",8.36279723763362,-1.14361369268797
"CGTGAGCGTACATGTC-2","2","SHAM","MP.MO.Derived",10.9865269434442,0.02166430993177
"CGTGTCTGTAAACCTC-2","2","SHAM","MP.Resident",9.94403979897395,4.5419745479355
"CTCGGAGAGCTAGGCA-2","2","SHAM","MP.MO.Derived",10.0770115625848,-0.438829507993683
"CTGCGGACAATCTGCA-2","2","SHAM","MP.MO.Derived",5.68988893151179,-0.206300389336571
"CTGGTCTGTTTAGGAA-2","2","SHAM","MP.Resident",11.4156040918817,6.05337095601656
"CTTAACTCAAGTTGTC-2","2","SHAM","MP.MO.Derived",6.86761281609431,-0.898011084960923
"GAAACTCGTACAGTGG-2","2","SHAM","MP.MO.Derived",8.32131049752132,0.018859963549152
"GAAGCAGAGAAGGACA-2","2","SHAM","MP.Resident",8.53785560250178,5.54516029698946
"GACACGCGTTCTCATT-2","2","SHAM","MP.Resident",11.582913852929,3.92860365254976
"GACGGCTGTCCGACGT-2","2","SHAM","MP.MO.Derived",9.39201018929378,-0.61132305519484
"GACTAACCATCATCCC-2","2","SHAM","MP.Resident",10.0696596872796,6.47644472463228
"GACTACAAGTGAATTG-2","2","SHAM","Fibroblast",-2.92177035689458,2.23425102574922
"GACTACATCACAGGCC-2","2","SHAM","MP.MO.Derived",10.7653841745843,2.15619159085847
"GATCGATGTGTATGGG-2","2","SHAM","MP.MO.Derived",8.38083789467708,-1.44643163339995
"GATGCTAGTCAAACTC-2","2","SHAM","MP.Resident",11.7779049646844,4.26999855382539
"GCAAACTTCCACGTGG-2","2","SHAM","MP.MO.Derived",9.56703422188655,1.03124881131746
"GCGAGAAGTGCACGAA-2","2","SHAM","MP.Resident",10.9434389841546,4.8842539821396
"GCGGGTTAGAGCTGCA-2","2","SHAM","MP.MO.Derived",7.49183127999202,-1.65927505152129
"GCTGCAGAGAGGTTAT-2","2","SHAM","MP.Resident",10.0511879694451,5.08235454900362
"GCTGCTTTCTCGATGA-2","2","SHAM","MP.MO.Derived",9.4184660685052,3.00133276326753
"GGAAAGCGTTATGTGC-2","2","SHAM","MP.Resident",10.5018534433831,5.55744839055635
"GGAAAGCTCTCTTGAT-2","2","SHAM","MP.MO.Derived",9.58239410042659,2.37213468892671
"GGCCGATGTCCAGTGC-2","2","SHAM","MP.MO.Derived",9.67224834084407,1.50585842473604
"GGGAATGTCAGAGGTG-2","2","SHAM","MP.MO.Derived",6.48735234856502,-0.320437889861092
"GGGTTGCCAAGGACTG-2","2","SHAM","MP.Resident",10.3459477198114,4.54705953939058
"GGTGTTAAGGGTGTTG-2","2","SHAM","MP.MO.Derived",9.56619880318538,-0.909091826843247
"GTAACGTAGAATGTTG-2","2","SHAM","MP.MO.Derived",7.07819173455134,-1.7497061456909
"GTATCTTAGATATGGT-2","2","SHAM","MP.Resident",9.94286010384456,3.62094617230989
"GTATTCTCAAGTAATG-2","2","SHAM","MP.Resident",10.4767212641229,6.22441578252412
"GTCATTTCATGGTAGG-2","2","SHAM","MP.Resident",10.1513418924798,4.257024768425
"GTCGGGTGTCTACCTC-2","2","SHAM","MP.Resident",9.53637263893977,6.10210943563081
"GTTACAGTCTGATACG-2","2","SHAM","MP.MO.Derived",9.95288035988704,2.25168633802034
"GTTCGGGTCCGCGGTA-2","2","SHAM","MP.Resident",10.4566054117669,5.89240169866182
"TAAGTGCCACGGTAAG-2","2","SHAM","MP.Resident",10.6910509836663,5.48460674626924
"TACGGTAGTAAGAGGA-2","2","SHAM","MP.MO.Derived",8.76156089424983,-1.540955659317
"TAGCCGGTCACATGCA-2","2","SHAM","MP.MO.Derived",8.14940784096614,-0.188820388483033
"TATTACCAGAGAGCTC-2","2","SHAM","MP.MO.Derived",7.13329312920466,-0.238379013108239
"TCAGATGCACAACTGT-2","2","SHAM","MP.MO.Derived",9.05146739601985,2.33617353780366
"TCAGATGGTGGTACAG-2","2","SHAM","MP.MO.Derived",6.87860820412532,0.122546676231399
"TCGCGAGCAAGCCATT-2","2","SHAM","MP.MO.Derived",9.539251781701,2.11126900060274
"TCGGTAAGTCCAGTTA-2","2","SHAM","MP.Resident",10.2559752237786,5.54713726384737
"TGACTAGCACCCATTC-2","2","SHAM","MP.Resident",9.60091540932551,3.46255994184114
"TGACTAGTCAGTTCGA-2","2","SHAM","MP.Resident",8.94813678383723,6.95067406041719
"TGAGAGGTCACGAAGG-2","2","SHAM","MP.Resident",7.93936727166072,6.42909574849702
"TGAGCCGGTTGGACCC-2","2","SHAM","MP.Resident",10.538591839074,5.46387863500215
"TGCACCTGTATTCGTG-2","2","SHAM","MP.Resident",9.71057365059749,6.27250004155733
"TGTATTCCATTCTCAT-2","2","SHAM","MP.Resident",10.5966562998284,6.19602489812471
"TTAACTCAGAGGGCTT-2","2","SHAM","MP.Resident",10.3246750605096,6.20281744344331
"TTAGGCATCACTCCTG-2","2","SHAM","MP.MO.Derived",9.10698077797786,3.10235023839571
"TTCCCAGGTAGCACGA-2","2","SHAM","MP.Resident",9.6692509424676,6.18129015309908
"TTCGGTCAGTATTGGA-2","2","SHAM","MP.Resident",10.7109884989251,6.69132233007051
"TTCTACAAGTCGATAA-2","2","SHAM","MP.Resident",12.0217756998529,4.96807051045992
"TTCTCCTAGTACGACG-2","2","SHAM","MP.MO.Derived",9.58092353463069,1.00457561357118
"TTCTTAGCAATCCGAT-2","2","SHAM","MP.MO.Derived",7.74043033242122,-0.163887594210133
"TTCTTAGTCCTCCTAG-2","2","SHAM","MP.MO.Derived",10.1955351603021,4.10503483159639
"TTGCCGTTCGCGTAGC-2","2","SHAM","MP.MO.Derived",9.54752586007014,3.23048925740816
"TTGCGTCAGTTGTCGT-2","2","SHAM","MP.MO.Derived",8.24011752724544,-0.142476298229918
"TTGGAACAGGTGACCA-2","2","SHAM","MP.Resident",7.90585229515925,6.66279363973238
"TTTATGCCAATCGAAA-2","2","SHAM","MP.Resident",11.6955027353753,3.31491589887239
"TTTGTCAAGCAACGGT-2","2","SHAM","MP.Resident",10.1931242716302,2.82113194806673
"TTTGTCACAGGGCATA-2","2","SHAM","MP.Resident",8.00786016106502,6.20437288625337
"AACTCTTCAAGCCTAT-3","3","TAC","MP.MO.Derived",8.38924930214778,-0.0498021397163719
"AACTTTCGTATATGAG-3","3","TAC","Fibroblast",-2.53754212737187,9.1722817455063
"AAGGAGCGTGGTTTCA-3","3","TAC","MP.MO.Derived",9.05582473397151,0.425259414745346
"AAGGAGCGTTATCCGA-3","3","TAC","MP.Resident",8.30921599984065,5.76776743276216
"AAGGTTCCAGCTATTG-3","3","TAC","MP.MO.Derived",11.1806931269158,1.525051239563
"ACACCAACATGGTTGT-3","3","TAC","MP.MO.Derived",7.71775529503718,-0.302954208420739
"ACACCAAGTCCTAGCG-3","3","TAC","MP.Resident",8.32420776009456,6.9211134944687
"ACACTGAGTTGTGGCC-3","3","TAC","MP.MO.Derived",5.3112187159051,0.172924074960724
"ACATACGGTCCTCTTG-3","3","TAC","MP.MO.Derived",7.12483785271541,-1.01342749254607
"ACATCAGCAGTATGCT-3","3","TAC","MP.Resident",7.92296645760432,5.98173714025117
"ACATGGTGTAAGTAGT-3","3","TAC","MP.MO.Derived",9.12954948067561,-1.67817771093749
"ACCAGTAAGGCTCTTA-3","3","TAC","MP.Resident",11.9428972971429,3.61686802251436
"ACCCACTAGTACATGA-3","3","TAC","MP.Resident",11.2854151499261,4.58191252095796
"ACCCACTCAGTCTTCC-3","3","TAC","MP.MO.Derived",7.53150127053157,-2.09677195207976
"ACGCCAGGTAGGGACT-3","3","TAC","MP.MO.Derived",9.62206218361751,1.20732629640199
"ACGGCCAGTCAGAGGT-3","3","TAC","MP.MO.Derived",8.50781295418635,-2.01810478823088
"ACGTCAAGTACTCGCG-3","3","TAC","MP.MO.Derived",9.5359558832635,1.80236173017122
"ACTATCTAGAGCAATT-3","3","TAC","MP.MO.Derived",8.12309882759944,-0.886441048549637
"ACTGAGTCACATGACT-3","3","TAC","MP.Resident",10.4777216684808,6.83063364369966
"ACTGTCCCAGGATCGA-3","3","TAC","MP.Resident",10.1653208506097,5.3671550784836
"ACTTTCATCATTGCCC-3","3","TAC","MP.MO.Derived",7.23579213738338,-0.294110264944062
"AGACGTTCAGTAACGG-3","3","TAC","MP.Resident",9.59760329842464,3.87086820943452
"AGACGTTGTCTCTTTA-3","3","TAC","MP.MO.Derived",6.32586476921931,-0.115563456284031
"AGAGCGAGTAAGAGGA-3","3","TAC","MP.Resident",10.6839365732659,5.73140812261201
"AGAGCTTTCAATCTCT-3","3","TAC","MP.MO.Derived",9.45065257668391,0.885496023727432
"AGATTGCCAAGCTGAG-3","3","TAC","MP.Resident",10.8123640787591,4.82710790975191
"AGATTGCTCGGAAATA-3","3","TAC","MP.MO.Derived",9.55218837380305,0.978833798004165
"AGCATACTCATGTCCC-3","3","TAC","MP.Resident",8.42662189125911,4.89578914983369
"AGCGGTCTCACAATGC-3","3","TAC","MP.MO.Derived",9.05807826638118,-1.32495915548705
"AGCGTATGTCGCATAT-3","3","TAC","MP.Resident",11.8707880747308,4.68965721471407
"AGCTCCTCACGGTAAG-3","3","TAC","MP.Resident",10.5258774530877,6.83075285298921
"AGGGATGTCCCATTAT-3","3","TAC","MP.Resident",8.88006827950374,6.33597898824312
"AGGGTGACATCCGTGG-3","3","TAC","MP.Resident",10.8562845957269,5.42299414022066
"AGGTCATGTCGCATAT-3","3","TAC","MP.MO.Derived",9.58246753334895,-0.180970970856175
"AGTCTTTCAATGGAAT-3","3","TAC","MP.Resident",10.9616322290887,5.19028282506563
"AGTTGGTTCAACGGGA-3","3","TAC","MP.Resident",9.49165866494075,6.12395763738252
"ATAGACCCAGGAACGT-3","3","TAC","MP.Resident",11.6929735910882,3.66656852109529
"ATCACGAAGCGGATCA-3","3","TAC","MP.MO.Derived",11.6849446070184,1.48529470307924
"ATCTACTAGATCACGG-3","3","TAC","MP.MO.Derived",7.6777605783929,-1.45635580675505
"ATCTACTCATGCCACG-3","3","TAC","MP.Resident",9.7992672693719,4.57495498998262
"ATCTGCCGTTACGACT-3","3","TAC","Endothelial.Lymphatic",-3.92839028716191,-3.4002120460739
"ATGAGGGTCGGTGTCG-3","3","TAC","MP.Resident",7.99665448784724,5.02793407781221
"ATGCGATGTCTAGTGT-3","3","TAC","MP.Resident",8.72495315194026,6.94751215322115
"ATTCTACTCAGATAAG-3","3","TAC","MP.Resident",8.76055572152034,5.56713104589082
"ATTGGACTCTCGCATC-3","3","TAC","MP.MO.Derived",7.69172618508235,-2.24702047960661
"CAACCTCCAGGTCTCG-3","3","TAC","MP.MO.Derived",11.6559815180291,1.51905083997346
"CAACCTCGTGACTACT-3","3","TAC","MP.MO.Derived",7.81347606301204,-1.54610764639281
"CACAAACTCGGATGTT-3","3","TAC","MP.MO.Derived",7.09384296059505,0.00111884219743313
"CAGAATCGTTATCACG-3","3","TAC","MP.MO.Derived",9.62483356118098,-0.721381362842545
"CAGATCAGTGCGAAAC-3","3","TAC","MP.MO.Derived",9.55967090248958,-0.149769295321926
"CAGCGACAGGACATTA-3","3","TAC","MP.Resident",9.2918095362176,5.92109728200533
"CAGCTAAAGTCTCCTC-3","3","TAC","MP.MO.Derived",10.3801216852655,0.881967249942794
"CAGCTGGTCACATACG-3","3","TAC","MP.MO.Derived",7.18716285347835,-1.36125814573668
"CAGTAACTCTGCTTGC-3","3","TAC","MP.Resident",9.16231963753596,5.42548227651216
"CATATTCTCTAACTTC-3","3","TAC","MP.Resident",9.75915572762385,5.15318298680879
"CATATTCTCTCTTGAT-3","3","TAC","MP.Resident",12.2246775400628,3.275579455925
"CATCAAGAGAATTCCC-3","3","TAC","MP.Resident",10.1185326349725,4.27901172978975
"CATCAGACACAAGCCC-3","3","TAC","MP.MO.Derived",8.55778930306331,-0.999066885875687
"CATCCACTCAGCAACT-3","3","TAC","MP.MO.Derived",9.5288929712762,0.974561575485244
"CATGACAGTACCGCTG-3","3","TAC","MP.Resident",11.6746058237542,5.28708887441255
"CATTATCCAATTGCTG-3","3","TAC","MP.MO.Derived",10.2894453775872,2.83699274404146
"CATTCGCTCCCAGGTG-3","3","TAC","MP.MO.Derived",10.53109881997,-0.46549072520636
"CCACTACCATTGTGCA-3","3","TAC","MP.MO.Derived",10.5626177561273,3.50819611890413
"CCACTACTCTGCGACG-3","3","TAC","MP.Resident",10.7413849604119,4.66854763372041
"CCCAATCGTAATAGCA-3","3","TAC","MP.MO.Derived",11.7938675653924,2.11780619962312
"CCCAGTTTCATGCTCC-3","3","TAC","MP.MO.Derived",10.1972718012323,-0.0769761878421157
"CCCTCCTAGTGTTGAA-3","3","TAC","MP.Resident",11.7166371119012,4.49955654485323
"CCGGTAGAGTGAATTG-3","3","TAC","MP.MO.Derived",8.36259791970149,-1.41863274233244
"CCTAAAGCACCTGGTG-3","3","TAC","MP.Resident",12.1478476297845,2.0674507652054
"CCTTTCTAGTGTGGCA-3","3","TAC","MP.Resident",10.4211525690545,5.57355499608614
"CGACTTCGTGGACGAT-3","3","TAC","MP.MO.Derived",10.1706986200799,2.88791108472444
"CGACTTCTCAGAGACG-3","3","TAC","MP.Resident",11.8764338266839,3.22655678136446
"CGAGAAGAGTCTCCTC-3","3","TAC","MP.MO.Derived",9.41263911843196,1.2318829332123
"CGAGCCATCAATCACG-3","3","TAC","MP.MO.Derived",10.0073847544183,-0.888025340007767
"CGATCGGTCAGCCTAA-3","3","TAC","MP.MO.Derived",11.0829005014886,0.0533631329069287
"CGATTGAAGATCGGGT-3","3","TAC","MP.MO.Derived",7.93574473976985,0.345386508537307
"CGCGTTTTCTGTACGA-3","3","TAC","MP.MO.Derived",8.13966605782405,0.439382198883072
"CGGCTAGCAGATCTGT-3","3","TAC","MP.MO.Derived",8.75372455239192,-1.16566979544066
"CGGCTAGGTCTCCCTA-3","3","TAC","MP.MO.Derived",10.0319800150384,0.574305537773147
"CGTTCTGGTTAAGTAG-3","3","TAC","MP.Resident",11.8924355280389,5.14392662389375
"CTACACCTCCGTACAA-3","3","TAC","MP.Resident",11.2480654489984,4.64628124578096
"CTACGTCAGTGTCCAT-3","3","TAC","MP.Resident",8.0431899797906,6.19760895116426
"CTAGTGACATGAACCT-3","3","TAC","MP.MO.Derived",8.70627353310481,0.484866860939041
"CTCACACAGAGAGCTC-3","3","TAC","MP.Resident",11.479663349389,3.62137890203096
"CTCATTAAGTCGTACT-3","3","TAC","MP.Resident",9.42815539955989,7.10765743596651
"CTCATTAGTGAAAGAG-3","3","TAC","MP.MO.Derived",7.70949838280574,-1.36659574167632
"CTCCTAGGTTTGTTTC-3","3","TAC","MP.Resident",10.4495548975457,4.3926620517502
"CTCGAGGCAAGTTCTG-3","3","TAC","MP.Resident",8.86591289162532,6.96546411855318
"CTCGGAGCAAAGGTGC-3","3","TAC","MP.Resident",9.90262267708674,6.60230541570284
"CTGAAGTAGTCGTTTG-3","3","TAC","DC",4.95956895470515,0.403117242885605
"CTGCTGTCAGATGGGT-3","3","TAC","MP.Resident",11.0952515375604,5.17941284520723
"CTGCTGTTCTTTAGGG-3","3","TAC","MP.MO.Derived",11.0903992426385,2.10640359265901
"CTGTGCTCATCATCCC-3","3","TAC","MP.MO.Derived",10.7830061686029,1.4300532375107
"CTTAGGAAGGCATGTG-3","3","TAC","MP.Resident",10.0814728510369,6.58642959935762
"CTTTGCGGTTCCACGG-3","3","TAC","MP.Resident",7.99095676064387,5.70035696370699
"GAAATGAAGAAACCAT-3","3","TAC","MP.MO.Derived",8.81935355782405,-1.88949584619902
"GAAATGACAATGGACG-3","3","TAC","MP.MO.Derived",11.2851786386956,0.346669230295196
"GAACGGAGTTCTCATT-3","3","TAC","MP.MO.Derived",11.3388256800164,0.979300502372757
"GAATGAAGTCAAAGAT-3","3","TAC","MP.Resident",8.69354198098079,6.680759433342
"GACACGCCATGCTAGT-3","3","TAC","MP.MO.Derived",9.04039332985774,-0.850738164352402
"GACAGAGAGACTAGAT-3","3","TAC","MP.MO.Derived",7.87534043908015,-0.756764348911271
"GACCAATAGGTGCACA-3","3","TAC","MP.Resident",11.2384447824945,5.58594322545625
"GACGGCTGTCATCCCT-3","3","TAC","MP.MO.Derived",10.3588089716424,2.03997302396394
"GACGGCTTCACATAGC-3","3","TAC","MP.Resident",9.89710090279475,6.88470411641695
"GACGTGCAGTGTACCT-3","3","TAC","MP.Resident",8.72126815438167,6.9115600620041
"GACTACATCCGCGTTT-3","3","TAC","MP.MO.Derived",9.99645278572932,0.521045151783004
"GAGGTGAGTCCGCTGA-3","3","TAC","MP.Resident",10.626877285241,2.72477984769441
"GATCGATAGCCAGTAG-3","3","TAC","MP.Resident",8.99083755135432,6.65112972600557
"GATCGCGGTGAGGGTT-3","3","TAC","MP.MO.Derived",7.1126799356927,-1.104139086174
"GATCGCGGTGTAATGA-3","3","TAC","MP.MO.Derived",8.16587016701594,-0.520485308336243
"GATCTAGAGCTCCTCT-3","3","TAC","MP.Resident",10.333799816369,2.31955314023592
"GATCTAGGTTACGGAG-3","3","TAC","MP.Resident",10.9035057795037,2.360859874321
"GATGAAAGTTGTCGCG-3","3","TAC","MP.MO.Derived",6.54814574837581,-1.74297010557555
"GCAAACTCAGCCAATT-3","3","TAC","MP.MO.Derived",9.76321265816585,-1.39007258074187
"GCAAACTCATTACCTT-3","3","TAC","MP.Resident",8.91620013832942,6.84700060231783
"GCAAACTTCTGGGCCA-3","3","TAC","MP.Resident",9.36456725716487,5.41407966954805
"GCAATCATCCCTCAGT-3","3","TAC","MP.MO.Derived",9.1523470652093,-1.27547335283659
"GCACATAGTCCTGCTT-3","3","TAC","MP.Resident",11.3658842813958,4.29074049337007
"GCAGTTATCGTACCGG-3","3","TAC","MP.Resident",9.13464400887385,5.30879450185396
"GCATGTACAGGGTACA-3","3","TAC","MP.Resident",10.9495110285272,4.02309370381929
"GCCTCTAAGACGCAAC-3","3","TAC","MP.MO.Derived",9.34640166878596,0.654369119239822
"GCGCCAAAGATGTAAC-3","3","TAC","MP.MO.Derived",10.092248417138,0.295285019708648
"GCTGCAGAGAACTGTA-3","3","TAC","MP.MO.Derived",8.4472050440301,-0.422533717321381
"GCTGGGTGTCTGGTCG-3","3","TAC","MP.MO.Derived",6.43383119225398,-0.937422570156083
"GGACGTCCACTTAAGC-3","3","TAC","MP.MO.Derived",7.47099492669002,-1.25786173002623
"GGATTACCACCTTGTC-3","3","TAC","MP.MO.Derived",7.88973186135188,-0.972185548709855
"GGCCGATTCTGCTTGC-3","3","TAC","MP.MO.Derived",9.185323215722,0.542190018726364
"GGCGACTAGGAACTGC-3","3","TAC","MP.Resident",11.1467795145501,4.13312387807466
"GGCTCGATCAGGCAAG-3","3","TAC","MP.MO.Derived",9.43164870858089,-0.0901666223892569
"GGGACCTAGATCACGG-3","3","TAC","MP.MO.Derived",7.17614457726375,-1.31667744772337
"GGGAGATAGCCAGGAT-3","3","TAC","MP.Resident",9.53785846352473,6.01315498693086
"GGGTTGCGTTTGACTG-3","3","TAC","MP.Resident",10.7256121408929,4.31802416188814
"GTAACGTAGATATGCA-3","3","TAC","MP.Resident",11.368841625451,3.88026142461397
"GTAACGTTCTCCTATA-3","3","TAC","MP.Resident",12.1948485147943,3.97494984014131
"GTACTCCGTCACCCAG-3","3","TAC","MP.Resident",7.55755422234431,6.09565830571748
"GTACTTTTCATGTCCC-3","3","TAC","MP.MO.Derived",6.99335143685237,-0.615176316665635
"GTATTCTAGCGCCTTG-3","3","TAC","MP.Resident",8.89334056496516,6.11255884511568
"GTCTCGTTCTACTTAC-3","3","TAC","MP.Resident",10.3359741938104,5.94925165517427
"GTGAAGGTCATGTCTT-3","3","TAC","MP.Resident",10.8905043375482,3.61312485082246
"GTGGGTCGTAGGCATG-3","3","TAC","MP.MO.Derived",9.13978431343928,-1.30271815912627
"GTGGGTCTCTCGAGTA-3","3","TAC","MP.Resident",7.68472955346004,5.7138347659836
"GTGTGCGGTGATGCCC-3","3","TAC","MP.Resident",9.89028213143245,3.86674118383028
"GTTTCTACAAACCCAT-3","3","TAC","MP.MO.Derived",10.1036133539666,-0.957826670574173
"TAAGCGTAGACAGGCT-3","3","TAC","MP.Resident",9.93816230416194,6.84889984471895
"TAAGTGCGTTGCTCCT-3","3","TAC","MP.MO.Derived",9.74626586556331,1.0818573270569
"TACAGTGGTACCGAGA-3","3","TAC","MP.MO.Derived",8.69097659706966,-0.862841721939072
"TACCTTAGTGTGTGCC-3","3","TAC","MP.Resident",9.87440536141292,4.96910095555879
"TACGGGCCACGGTTTA-3","3","TAC","MP.MO.Derived",8.3436894190301,-0.521704253124222
"TACTTACTCACATGCA-3","3","TAC","MP.MO.Derived",9.32442042946712,1.77077222211458
"TACTTGTTCATTTGGG-3","3","TAC","MP.Resident",12.1986908686151,3.66068935735323
"TAGTTGGGTCTGCAAT-3","3","TAC","MP.Resident",11.0897412073602,5.18561220510103
"TATTACCGTGATGATA-3","3","TAC","MP.MO.Derived",11.1124129068841,2.33089375836946
"TCACAAGAGAGTAAGG-3","3","TAC","MP.MO.Derived",5.76454589486018,-0.313429829048142
"TCACGAAAGGCATGGT-3","3","TAC","MP.MO.Derived",10.8434614908685,1.45379114492036
"TCACGAACAAGTAATG-3","3","TAC","MP.Resident",11.6208405268182,5.75022983892061
"TCACGAAGTAAATGTG-3","3","TAC","MP.MO.Derived",8.46832988381282,-1.69589721815489
"TCACGAAGTAGCGATG-3","3","TAC","MP.Resident",9.91482398629085,4.94227934224702
"TCAGCAATCCGATATG-3","3","TAC","MP.MO.Derived",10.9317326319207,0.0495902930030972
"TCATTACAGACCACGA-3","3","TAC","MP.Resident",10.1465601694574,4.75244284017183
"TCCCGATGTGCCTTGG-3","3","TAC","MP.MO.Derived",8.21891734719173,-1.4583369459381
"TCGTACCTCTATGTGG-3","3","TAC","MP.Resident",8.9715780985345,6.73666811330415
"TCTCATATCACCCTCA-3","3","TAC","MP.MO.Derived",9.81236980080501,-0.758950706886277
"TCTTCGGGTATTCTCT-3","3","TAC","MP.Resident",10.5622420084466,4.99167538030244
"TGAAAGAGTACGACCC-3","3","TAC","MP.MO.Derived",8.57059524178401,-1.68740987436675
"TGACTAGCAGAGCCAA-3","3","TAC","MP.Resident",11.3883824121942,3.22199130399324
"TGACTTTAGGTGTGGT-3","3","TAC","MP.Resident",11.1350235712518,5.86562824590303
"TGCCAAATCATTGCGA-3","3","TAC","MP.MO.Derived",10.0988230478753,2.69178200109102
"TGTATTCGTGTTCGAT-3","3","TAC","MP.Resident",11.7206110727777,2.86300421102144
"TTAGTTCAGGACGAAA-3","3","TAC","MP.Resident",10.0116410028924,6.34863090856172
"TTCTTAGGTCTTCAAG-3","3","TAC","MP.Resident",8.01460597634212,6.42415523870088
"TTGAACGTCATCGATG-3","3","TAC","MP.Resident",8.78547999977962,6.8574795757065
"TTTACTGCAAAGCAAT-3","3","TAC","MP.MO.Derived",7.2591700327386,-2.03207969324492
"TTTATGCTCCGTCATC-3","3","TAC","MP.MO.Derived",10.5218920481195,2.34595084531404
"TTTCCTCGTACCGCTG-3","3","TAC","MP.MO.Derived",4.31764028191463,1.46029031617738
"TTTGGTTAGTTGTCGT-3","3","TAC","MP.MO.Derived",7.22835967659846,-1.55659126894377
"TTTGTCATCATCTGTT-3","3","TAC","MP.MO.Derived",8.14862010598079,-1.27506792204283
"AAAGTAGAGGAGTTTA-2","2","SHAM","Fibroblast",-5.07207348227605,6.56972980840303
"AAATGCCTCGTAGATC-2","2","SHAM","Fibroblast",-7.40111877799138,6.74685430867769
"AAATGCCTCTTCGGTC-2","2","SHAM","Fibroblast",-4.97832682013616,4.11555719716646
"AACACGTGTCCGCTGA-2","2","SHAM","Fibroblast",-4.84515049338445,6.84964275701143
"AACCATGGTAGATTAG-2","2","SHAM","Fibroblast",-4.57652141928777,10.1323790584335
"AACGTTGGTGGGTCAA-2","2","SHAM","Fibroblast",-0.475390278102007,6.66327715261079
"AACTCAGAGATAGTCA-2","2","SHAM","Fibroblast",-1.59018447280034,5.5815949474106
"AACTCTTTCCTGCCAT-2","2","SHAM","Fibroblast",-4.13064672827825,7.43755865438081
"AAGGAGCTCGTCTGAA-2","2","SHAM","Fibroblast",-6.90128090262517,5.16055488927461
"ACACTGACACGGACAA-2","2","SHAM","Fibroblast",-5.17121651053533,3.29463816030122
"ACATCAGGTCCATCCT-2","2","SHAM","Fibroblast",-7.26895525336369,4.31565189702608
"ACATGGTAGCTTTGGT-2","2","SHAM","Fibroblast",-7.91916658759221,2.46904182775117
"ACATGGTTCCACTCCA-2","2","SHAM","Fibroblast",-7.50476887106999,2.12872529370882
"ACCCACTAGTACGTTC-2","2","SHAM","Fibroblast",-7.74444773078069,3.12185454709627
"ACCCACTCAAAGTGCG-2","2","SHAM","Fibroblast",-4.97218372702702,8.04182768209077
"ACCTTTATCTCTAGGA-2","2","SHAM","Fibroblast",-5.7851529347907,8.97343969686128
"ACCTTTATCTTAGAGC-2","2","SHAM","Fibroblast",-4.6897931325446,7.66410494191743
"ACGCCAGCAGGTCTCG-2","2","SHAM","Fibroblast",-2.87045051932439,9.22921610219576
"ACGGGTCAGGGCTCTC-2","2","SHAM","Fibroblast",-5.15075018286809,0.648058119846359
"ACTATCTGTTTCGCTC-2","2","SHAM","Fibroblast",-4.90700437903508,1.74502754552461
"ACTGATGAGTACGCGA-2","2","SHAM","Fibroblast",-4.37284519553288,6.73698568685152
"ACTGTCCCAATAACGA-2","2","SHAM","Fibroblast",-7.1409969556342,6.54604769094087
"ACTTACTTCTCTGCTG-2","2","SHAM","Fibroblast",-3.12955143332585,5.84309435231783
"ACTTTCAAGACACGAC-2","2","SHAM","Fibroblast",-3.24925329566106,7.91574716909029
"ACTTTCAAGGTGACCA-2","2","SHAM","Fibroblast",-4.02937414527043,9.97451734883882
"ACTTTCATCTTCTGGC-2","2","SHAM","Fibroblast",-6.11392309546575,1.38322282178499
"AGAGCGATCACATGCA-2","2","SHAM","Fibroblast",-7.42540790915593,3.34043455464937
"AGAGTGGGTAGCGATG-2","2","SHAM","Fibroblast",-6.62856771826848,5.58944225652315
"AGATTGCTCGGATGTT-2","2","SHAM","Fibroblast",-4.97454979300603,0.535894516540542
"AGGGAGTCATCCCATC-2","2","SHAM","Fibroblast",-7.12117960333928,1.01862848146059
"AGGTCCGGTATAAACG-2","2","SHAM","Fibroblast",-4.44086458563909,8.89425421102144
"AGTGTCAAGGTGATAT-2","2","SHAM","Fibroblast",-5.14138796210393,4.51610851628877
"AGTGTCAGTCTTCTCG-2","2","SHAM","Fibroblast",-3.33664204955205,2.94378018720247
"AGTTGGTCAGTTAACC-2","2","SHAM","Fibroblast",-3.99168875098332,8.39120149953462
"ATAGACCTCTGTCTAT-2","2","SHAM","Fibroblast",-7.87410595297917,4.02585792882539
"ATCACGATCTCGCTTG-2","2","SHAM","Fibroblast",-4.07901575446233,3.06466222150423
"ATCATCTAGCTAGCCC-2","2","SHAM","Fibroblast",-6.28076412558659,6.58119726522066
"ATCTGCCAGTCCCACG-2","2","SHAM","Fibroblast",-3.97692682623967,10.691360000206
"ATCTGCCCAGTAAGAT-2","2","SHAM","Fibroblast",-7.23409178137883,1.05541110379793
"ATCTGCCGTGCCTGGT-2","2","SHAM","Fibroblast",-4.25026991248235,7.3487954173813
"ATGAGGGGTCAATGTC-2","2","SHAM","Fibroblast",-7.29125788092717,7.06531811101534
"ATGAGGGTCCCACTTG-2","2","SHAM","Fibroblast",-6.87922384619817,5.84768867833711
"ATGTGTGCATTGCGGC-2","2","SHAM","Fibroblast",-6.93494751334294,4.19184398992159
"ATTACTCTCGTTGACA-2","2","SHAM","Fibroblast",-6.73660805106267,3.58288479192354
"ATTGGACAGGGTATCG-2","2","SHAM","Fibroblast",-7.5409221875678,3.03662586553194
"ATTGGACAGGGTCTCC-2","2","SHAM","Fibroblast",-5.59079172492131,8.40904188497163
"ATTGGTGCATGTCTCC-2","2","SHAM","Fibroblast",-4.38821842551335,7.73045492513277
"ATTTCTGTCAACGGGA-2","2","SHAM","Fibroblast",-4.50725414633855,8.59501028401949
"CAACTAGCAATGGAGC-2","2","SHAM","Fibroblast",-3.85683658003911,7.31687403066255
"CAACTAGTCTACTTAC-2","2","SHAM","Fibroblast",-4.75025131583318,5.53548384053804
"CACAGGCAGTCCAGGA-2","2","SHAM","Fibroblast",-7.82342960715398,3.21521187169649
"CAGCCGAAGATGTGTA-2","2","SHAM","Fibroblast",-3.84703900694951,8.17176485402681
"CAGCTAACAGTATGCT-2","2","SHAM","Fibroblast",-6.46209576010808,1.8581001792679
"CAGTAACGTAAAGGAG-2","2","SHAM","Fibroblast",-7.78639461875066,3.34461260182954
"CAGTCCTAGTACGACG-2","2","SHAM","Fibroblast",-6.90946819663152,2.09509444577791
"CATATTCTCCAAACTG-2","2","SHAM","Fibroblast",-4.61993887305364,6.99793148381807
"CATCCACCAATCAGAA-2","2","SHAM","Fibroblast",-6.85774185538396,6.88614702565767
"CATCGAATCGCTTGTC-2","2","SHAM","Fibroblast",-6.22210218787297,2.02482843740083
"CATCGGGAGCCACGTC-2","2","SHAM","Fibroblast",-3.026022695304,6.17287826879121
"CATGGCGAGGCTAGAC-2","2","SHAM","Fibroblast",-4.88498403906926,0.813238028121963
"CATTCGCCATGGAATA-2","2","SHAM","Fibroblast",-7.31307175040349,5.28878546102144
"CATTCGCTCGCATGAT-2","2","SHAM","Fibroblast",-5.59790518164739,8.54928064687349
"CCACGGATCCCGACTT-2","2","SHAM","Fibroblast",-3.13900067687139,5.34418773992159
"CCATGTCGTATGAAAC-2","2","SHAM","Fibroblast",-1.87044730067357,4.429303649498
"CCATTCGCAATAGAGT-2","2","SHAM","Fibroblast",-5.6617226827155,1.8048261438141
"CCCAATCGTAAGTAGT-2","2","SHAM","Fibroblast",-5.93227245688542,8.13004637105562
"CCCAATCGTGTATGGG-2","2","SHAM","Fibroblast",-2.73694112181767,9.0500369106064
"CCCAGTTTCAACGGGA-2","2","SHAM","Fibroblast",-6.04488184332951,3.55861163480379
"CCGGGATCAGGATTGG-2","2","SHAM","Fibroblast",-5.7681794393073,3.02403521878816
"CCGGTAGAGTGGGTTG-2","2","SHAM","Fibroblast",-4.4579816091071,3.64251518590547
"CCGTTCACAACGATCT-2","2","SHAM","Fibroblast",-4.76049139380559,6.59872961385347
"CCTTCCCTCGGATGGA-2","2","SHAM","Fibroblast",-7.61854889273747,3.48368215901949
"CCTTCGAAGTAATCCC-2","2","SHAM","Fibroblast",-2.72472360015019,7.24785375936128
"CCTTTCTGTGAACCTT-2","2","SHAM","Fibroblast",-7.31764271140202,6.33871937139131
"CGATGGCAGTAGATGT-2","2","SHAM","Fibroblast",-6.1642747151862,5.65354585988618
"CGATGTATCACTATTC-2","2","SHAM","Fibroblast",-4.42622663855657,8.60627508504488
"CGCGTTTTCTGAGGGA-2","2","SHAM","Fibroblast",-5.42491104483708,1.25317621572115
"CGCTATCCAACAACCT-2","2","SHAM","Fibroblast",-6.9313121068488,3.02939296109773
"CGCTTCATCTTCAACT-2","2","SHAM","Fibroblast",-3.46336557746037,2.55456519467928
"CGGACGTAGCTGTCTA-2","2","SHAM","Fibroblast",-6.96148302435979,4.58727598531343
"CGGACTGTCCACGCAG-2","2","SHAM","Fibroblast",-6.02814390540227,0.13479815764524
"CGGTTAATCCAGGGCT-2","2","SHAM","Fibroblast",-7.47580292105779,3.64967680318452
"CGTCCATAGGTAAACT-2","2","SHAM","Fibroblast",-8.14274074912175,3.41964602811433
"CGTTAGAAGATGCCAG-2","2","SHAM","Fibroblast",-3.5923753011237,7.623066905571
"CGTTAGAAGGAATCGC-2","2","SHAM","Fibroblast",-6.89881756186589,1.62254369599916
"CTACACCAGATGCCTT-2","2","SHAM","Fibroblast",-4.48349001288518,3.61195302350618
"CTACCCAGTTAGAACA-2","2","SHAM","Fibroblast",-3.55546595931157,4.52196598394014
"CTACGTCGTAATCACC-2","2","SHAM","Fibroblast",-3.24567868590459,7.57249117238618
"CTAGCCTTCCACGAAT-2","2","SHAM","Fibroblast",-3.3902063596259,4.10283995015718
"CTCACACGTGAGGGTT-2","2","SHAM","Fibroblast",-3.49090793013677,6.24156809194185
"CTCAGAACAATGGACG-2","2","SHAM","Fibroblast",-6.15752365470036,9.11269235951997
"CTCGGAGGTCGCTTTC-2","2","SHAM","Fibroblast",-6.17593910575017,4.61595535619356
"CTCGTACCAGCCTATA-2","2","SHAM","Fibroblast",-3.7264428365241,8.46564722402193
"CTCGTACGTCCGAACC-2","2","SHAM","Fibroblast",-5.71882727027043,2.19241643293001
"CTCGTACTCTGCGTAA-2","2","SHAM","Fibroblast",-4.42959215521916,1.41235649926759
"CTGAAGTAGCCCTAAT-2","2","SHAM","Fibroblast",-3.17238547682866,4.68728590352632
"CTGAAGTAGGTGACCA-2","2","SHAM","Fibroblast",-5.0561523664008,0.151071581674591
"CTGATAGAGCTGTTCA-2","2","SHAM","Fibroblast",-5.91960384726628,7.69422960622408
"CTGATAGTCCGAATGT-2","2","SHAM","Fibroblast",-5.16053917288884,1.86800897462465
"CTTGGCTCACCATGTA-2","2","SHAM","Fibroblast",-3.17109801650151,5.79965162618257
"CTTGGCTTCACGGTTA-2","2","SHAM","Fibroblast",-8.22491028189763,3.92925930364229
"GAAGCAGTCATCGCTC-2","2","SHAM","Fibroblast",-5.45553543448552,-0.0287718738784641
"GACGTGCAGCCTATGT-2","2","SHAM","Fibroblast",-5.40364982962712,6.76257133824922
"GACTAACCAGTTCATG-2","2","SHAM","Fibroblast",-6.12540199637517,3.85120082242586
"GAGTCCGTCCACGTGG-2","2","SHAM","Fibroblast",-4.42626764655217,2.83107805593111
"GATCGATAGGAATCGC-2","2","SHAM","Fibroblast",-5.77769949317082,6.88825559957124
"GATCGATGTAGTGAAT-2","2","SHAM","Fibroblast",-3.84261729598149,3.72914767606355
"GATCGCGCACAGCCCA-2","2","SHAM","Fibroblast",-4.10259010672673,10.5909123454819
"GATGCTATCCCTCTTT-2","2","SHAM","Fibroblast",-5.18861534476384,1.15891409261324
"GCAATCAGTATATGAG-2","2","SHAM","Fibroblast",-2.82044007659062,7.25964069707491
"GCAATCAGTTGGAGGT-2","2","SHAM","Fibroblast",-6.52174904227361,1.65352809770204
"GCACTCTAGCCACGTC-2","2","SHAM","Fibroblast",-7.99452736258611,5.14644575460054
"GCAGCCAAGATTACCC-2","2","SHAM","Fibroblast",-3.61827089667424,10.2364954982529
"GCAGCCACACAACGCC-2","2","SHAM","Fibroblast",-5.02738859534367,7.27994919164278
"GCAGTTAAGGTACTCT-2","2","SHAM","Fibroblast",-6.98795893073186,2.48220467908479
"GCATGCGCACAGATTC-2","2","SHAM","Fibroblast",-7.44461538672551,4.6100635562668
"GCCAAATCATTGGTAC-2","2","SHAM","Fibroblast",-5.10280372977361,8.60138368947603
"GCCAAATTCACAACGT-2","2","SHAM","Fibroblast",-6.1126995313178,4.4444289241562
"GCGAGAAAGTGGTAAT-2","2","SHAM","Fibroblast",-5.91921379447087,3.05389714582063
"GCGAGAATCTTTACAC-2","2","SHAM","Fibroblast",-6.16729881644353,4.20493698461153
"GCGCGATGTTCACGGC-2","2","SHAM","Fibroblast",-7.21663429617986,5.30305958135225
"GCTCCTACAGTACACT-2","2","SHAM","Fibroblast",-4.42262890219792,5.41648197515108
"GCTGGGTTCCTGCTTG-2","2","SHAM","Fibroblast",-0.653612993956651,6.51171350820161
"GGAATAAAGTGGACGT-2","2","SHAM","Fibroblast",-4.20449688315495,0.932309869361892
"GGACAGAAGCTGCCCA-2","2","SHAM","Fibroblast",-5.53006508231267,4.91313934667207
"GGACAGACAGCTGTGC-2","2","SHAM","Fibroblast",-4.83641817450627,0.146307993365303
"GGACATTTCTTGTATC-2","2","SHAM","Fibroblast",-8.34332611441716,4.0750761066208
"GGATGTTCACTCAGGC-2","2","SHAM","Fibroblast",-6.63461305976018,5.02914429051973
"GGCTGGTCACGAAAGC-2","2","SHAM","Fibroblast",-3.68540670752629,7.81911850316621
"GGGATGACATCGATTG-2","2","SHAM","Fibroblast",-6.30874874472722,8.36982584340669
"GGGATGAGTGCCTGGT-2","2","SHAM","Fibroblast",-2.55543687224492,6.71983337743379
"GGTGTTACATCCGTGG-2","2","SHAM","Fibroblast",-7.53243448615178,4.2402224574814
"GTAACTGGTGGTGTAG-2","2","SHAM","Fibroblast",-4.70337250113591,0.822349134517685
"GTCACAATCATCTGCC-2","2","SHAM","Fibroblast",-4.3075328099738,0.428955379558578
"GTCCTCATCCGATATG-2","2","SHAM","Fibroblast",-7.13181402564153,2.90675688130952
"GTCGTAAAGTAGTGCG-2","2","SHAM","Fibroblast",-4.95467760443791,5.41884565694429
"GTCGTAAGTTGCCTCT-2","2","SHAM","Fibroblast",-4.94605924964055,10.272245887352
"GTGCATATCAGTTAGC-2","2","SHAM","Fibroblast",-3.98518087744817,8.61219740254976
"GTGCGGTGTGTAAGTA-2","2","SHAM","Fibroblast",-6.61536123633489,7.40518045766451
"GTGCTTCGTTAGAACA-2","2","SHAM","Fibroblast",-7.51575710654363,7.10918522222139
"GTTCTCGTCACCTCGT-2","2","SHAM","Fibroblast",-7.25094606757268,5.51037311894991
"TAAGTGCCAGATGGGT-2","2","SHAM","Fibroblast",-6.50049688696965,2.85311413152315
"TACACGAAGATGTGTA-2","2","SHAM","Fibroblast",-5.99558308005437,0.213053438497558
"TACAGTGCATTCACTT-2","2","SHAM","Fibroblast",-6.66869165778264,6.21604538304903
"TACGGTACAGGATTGG-2","2","SHAM","Fibroblast",-4.91770603537663,9.09680033071138
"TACTTACAGGGCACTA-2","2","SHAM","Fibroblast",-6.9636664617072,5.01255274160005
"TACTTACGTGTGGTTT-2","2","SHAM","Fibroblast",-6.36690952658757,0.310851666761413
"TAGGCATAGCAATCTC-2","2","SHAM","Fibroblast",-6.10784056067571,2.82320642812349
"TAGTTGGGTCAAGCGA-2","2","SHAM","Fibroblast",-5.24029161810979,1.69403803689577
"TATCAGGGTCGATTGT-2","2","SHAM","Fibroblast",-5.79647590994939,0.632373336387649
"TATCTCACACGTTGGC-2","2","SHAM","Fibroblast",-1.51496102690801,5.11125660283662
"TATTACCTCCTTCAAT-2","2","SHAM","Fibroblast",-6.25958874106511,6.05469656331636
"TCACGAAGTCTTCAAG-2","2","SHAM","Fibroblast",-5.65491583228215,0.112877744866386
"TCAGCAAGTCTAGAGG-2","2","SHAM","Fibroblast",-5.35937406897649,1.16343760831453
"TCAGGTATCAGTGTTG-2","2","SHAM","Fibroblast",-7.25574781775578,6.02349424703218
"TCGGGACCATGCAACT-2","2","SHAM","Fibroblast",-1.26603736758336,4.83271074636079
"TCGTACCTCTTGAGGT-2","2","SHAM","Fibroblast",-4.12101366400823,0.974351171089187
"TCTGGAACAGCTCGCA-2","2","SHAM","Fibroblast",-6.86216595053777,5.69789934499361
"TGAAAGACAAGAAAGG-2","2","SHAM","Fibroblast",-5.01039793372258,4.44132233007051
"TGAAAGATCGCCATAA-2","2","SHAM","Fibroblast",-6.89219238638982,1.76879918916322
"TGACTAGTCTCATTCA-2","2","SHAM","Fibroblast",-4.85966732382878,9.95193434102632
"TGAGAGGGTTAAAGTG-2","2","SHAM","Fibroblast",-8.24575474143132,3.08147502286531
"TGCCCATAGACTCGGA-2","2","SHAM","Fibroblast",-0.908523880244341,4.82963657720186
"TGCCCATGTGGTCCGT-2","2","SHAM","Fibroblast",-5.26725151419743,-0.382172223495468
"TGCCCTATCCACGCAG-2","2","SHAM","Fibroblast",-6.3804612386237,4.16090107305147
"TGCTGCTTCCAGATCA-2","2","SHAM","Fibroblast",-2.99510648131474,8.28524446828462
"TGGCCAGCATCGGTTA-2","2","SHAM","Fibroblast",-5.1874966847907,2.84904599530794
"TGGCGCACAGCTTAAC-2","2","SHAM","Fibroblast",-3.96436931967839,4.87543344838716
"TGGCTGGGTCCGTGAC-2","2","SHAM","Fibroblast",-7.9230432736884,2.16363263471223
"TGGGCGTGTGGAAAGA-2","2","SHAM","Fibroblast",-6.51987650275334,2.96957254750825
"TGGTTAGGTGAGTATA-2","2","SHAM","Fibroblast",-6.3245325315009,1.86455238206483
"TGGTTAGTCCGATATG-2","2","SHAM","Fibroblast",-3.03930594802007,8.70899916036226
"TGGTTCCAGAAGATTC-2","2","SHAM","Fibroblast",-6.92356588721379,1.99559140546419
"TGTATTCAGTCCAGGA-2","2","SHAM","Fibroblast",-5.70367481589421,7.00697470052339
"TTAGTTCTCACTTATC-2","2","SHAM","Fibroblast",-6.2248969304572,1.95859790189363
"TTATGCTAGTGTACCT-2","2","SHAM","Fibroblast",-5.26302864432439,0.901570323539749
"TTCCCAGTCAGTTAGC-2","2","SHAM","Fibroblast",-4.67690422415837,0.396669987274185
"TTCGGTCGTTCGGGCT-2","2","SHAM","Fibroblast",-6.2768841016303,8.12631559712984
"TTGCCGTCAATGGATA-2","2","SHAM","Fibroblast",-6.72272350669011,4.94241571767427
"TTGTAGGCACGACGAA-2","2","SHAM","Fibroblast",-6.14474823355779,0.490282956195846
"TTTATGCAGACAGGCT-2","2","SHAM","Fibroblast",-1.54033889651402,6.72568750722505
"TTTGCGCGTACCAGTT-2","2","SHAM","Fibroblast",-6.56203367591008,3.37514305455782
"AAAGATGCACAGATTC-3","3","TAC","Fibroblast",-4.5238003957282,4.36718559606172
"AAAGATGCAGCTCGCA-3","3","TAC","Fibroblast",-3.88873865485295,7.9653258357773
"AAAGATGCAGGTCTCG-3","3","TAC","Fibroblast",-3.70451190352544,3.86978268964387
"AACACGTAGCTGCAAG-3","3","TAC","Fibroblast",-5.27590515494451,1.48340618951418
"AACACGTAGTTAACGA-3","3","TAC","Fibroblast",-5.49926617026433,5.67392635686494
"AACCGCGCACTGAAGG-3","3","TAC","Fibroblast",-5.10057356238469,7.8821959529648
"AACCGCGTCTCTAAGG-3","3","TAC","Fibroblast",-3.11858870864018,4.30592060430147
"AACTCTTCAGCTCCGA-3","3","TAC","Fibroblast",-6.0371380078803,9.11288214070894
"AACTGGTGTAGGGTAC-3","3","TAC","Fibroblast",-4.21682360053166,8.04793119771577
"AAGGCAGCAGGCGATA-3","3","TAC","Fibroblast",-3.19268562674626,3.89986849172212
"AAGGCAGTCGGAGGTA-3","3","TAC","Fibroblast",-4.35823204398259,4.57366562230684
"AAGGTTCAGAGTGACC-3","3","TAC","Fibroblast",-2.50042440772161,6.95743322713472
"ACACTGAAGTGCCATT-3","3","TAC","Fibroblast",-6.01749184012517,5.69168138845064
"ACACTGATCTCAAACG-3","3","TAC","Fibroblast",0.422116137741957,5.06955242498018
"ACATACGAGTGCCATT-3","3","TAC","Fibroblast",-3.3394627797614,5.12020874364473
"ACATGGTCAAAGTCAA-3","3","TAC","Fibroblast",-6.67678549170598,3.91585970265962
"ACCTTTATCCGTTGTC-3","3","TAC","Fibroblast",-5.2317328679572,6.88305473668672
"ACGCAGCCAGTAGAGC-3","3","TAC","Fibroblast",-4.14179804205998,1.95258665425874
"ACGGAGAAGATGTGGC-3","3","TAC","Fibroblast",-4.08304169058904,0.533347371650711
"ACGGGTCTCCTCTAGC-3","3","TAC","Fibroblast",-2.99244620680913,2.01108670575716
"ACGTCAAAGCACGCCT-3","3","TAC","Fibroblast",-1.82709529280766,5.11325502736665
"ACTGATGGTAAATACG-3","3","TAC","Fibroblast",-3.79312445998296,3.78052115781404
"ACTGATGGTTCCCGAG-3","3","TAC","Fibroblast",-5.04831793189153,2.74888921125032
"ACTTGTTTCCGGGTGT-3","3","TAC","Fibroblast",-3.22055938124761,5.0787873302231
"AGAATAGAGCTCCTTC-3","3","TAC","Fibroblast",-0.687326453925218,5.53595257146455
"AGAGCTTCATCATCCC-3","3","TAC","Fibroblast",-2.27656414389714,4.6536164317856
"AGAGCTTTCTTGCCGT-3","3","TAC","Fibroblast",-2.8851592767249,2.23425650937654
"AGCAGCCGTTGATTGC-3","3","TAC","Fibroblast",-4.58412268042668,8.42955446584322
"AGCAGCCTCTTGAGGT-3","3","TAC","Fibroblast",-5.57874014258489,8.63564920766451
"AGCATACCAAGGGTCA-3","3","TAC","Fibroblast",-4.93758156180486,5.47515678746797
"AGCGTATGTATTACCG-3","3","TAC","Fibroblast",-5.34951355338201,3.02184057576753
"AGCGTATTCTGCGACG-3","3","TAC","Fibroblast",-3.83646371245488,2.82265854222871
"AGCTTGAAGTCCAGGA-3","3","TAC","Fibroblast",-6.57620813727483,8.52369261128999
"AGCTTGATCAGTGTTG-3","3","TAC","Fibroblast",-2.80790092825994,6.21458244664766
"AGGTCCGCACGAAGCA-3","3","TAC","Fibroblast",-6.03383209586247,1.30963659627534
"AGTGGGAGTACTTCTT-3","3","TAC","Fibroblast",-1.69296386122807,4.28721475942232
"AGTGGGAGTCGGCACT-3","3","TAC","Fibroblast",-2.96319844603642,8.6640391383896
"AGTGTCACACCTCGTT-3","3","TAC","Fibroblast",-4.31304123282536,9.96420526845552
"ATCATGGAGAGCCTAG-3","3","TAC","Fibroblast",-7.37688257575139,2.78051352841951
"ATCATGGTCGTCTGCT-3","3","TAC","Fibroblast",-6.69589521765813,0.756276730133072
"ATCCACCCACGCTTTC-3","3","TAC","Fibroblast",-6.63421060919866,4.33724594457246
"ATCGAGTTCAACGGGA-3","3","TAC","Fibroblast",-1.34999527812108,4.76428938253023
"ATCTGCCGTCAAACTC-3","3","TAC","Fibroblast",-7.58651115775212,5.74914551122285
"ATGAGGGTCCCTAACC-3","3","TAC","Fibroblast",-6.30475094199284,3.41144872052766
"ATTGGACAGCGTTGCC-3","3","TAC","Fibroblast",-3.39295318007573,8.97065496785738
"ATTGGTGAGGTCGGAT-3","3","TAC","Fibroblast",-6.43224623084172,4.96644163472749
"CAACCAATCAAACCGT-3","3","TAC","Fibroblast",-4.63766147971257,-0.0466931279172748
"CACAAACAGAAGGTGA-3","3","TAC","Fibroblast",0.477196700571928,4.6908307109604
"CACAAACTCTGATACG-3","3","TAC","Fibroblast",-5.54717447638616,-0.277465012239441
"CACACAAAGCGATATA-3","3","TAC","Fibroblast",-2.6595208871375,7.96603346212007
"CACCACTGTTGATTCG-3","3","TAC","Fibroblast",-2.89300110221013,3.82950973851778
"CACTCCATCCTCATTA-3","3","TAC","Fibroblast",-1.7948295104514,4.04158830983736
"CAGAGAGGTGAACCTT-3","3","TAC","Fibroblast",-6.97705366492375,4.05585956914522
"CAGATCAAGCCTTGAT-3","3","TAC","Fibroblast",-3.52805068373784,4.44509506566621
"CAGATCAGTTCTCATT-3","3","TAC","Fibroblast",-7.17079212546452,3.07903099401094
"CAGCGACCAATGGACG-3","3","TAC","Fibroblast",-1.98820640921697,4.42509079320528
"CAGCTAATCCCGACTT-3","3","TAC","Fibroblast",-5.9870777356635,3.67817736013032
"CAGTAACCATACTCTT-3","3","TAC","Fibroblast",-6.65614845633611,3.95854616506197
"CATATTCGTCTAGTGT-3","3","TAC","Fibroblast",-5.32997467398747,7.40275192601778
"CATCAGATCCAAACTG-3","3","TAC","Fibroblast",-5.3108663785468,8.76105261190034
"CATCCACGTGTTTGGT-3","3","TAC","Fibroblast",-6.10479166388616,4.12622166020967
"CATGACACACTTAACG-3","3","TAC","Fibroblast",0.455741859673415,5.78415108068086
"CATGCCTGTGCCTTGG-3","3","TAC","Fibroblast",-4.57222940802678,7.06728792531587
"CATGGCGTCACTCCTG-3","3","TAC","Fibroblast",-4.9172969090949,7.40925598485567
"CATTCGCCAACTTGAC-3","3","TAC","Fibroblast",-3.89152576804265,3.78272533757783
"CCACCTACACCGAATT-3","3","TAC","Fibroblast",-1.89726998686894,5.85405826909639
"CCAGCGATCACCTTAT-3","3","TAC","Fibroblast",-3.92072036147222,5.06966781957246
"CCATGTCAGGTAGCTG-3","3","TAC","Fibroblast",-3.26856281638249,4.75437593801118
"CCATGTCGTCTTGATG-3","3","TAC","Fibroblast",-6.24335529685124,5.83720827443697
"CCATGTCTCTCTAAGG-3","3","TAC","Fibroblast",-7.42579319357976,2.04975033147432
"CCCAATCAGAGAGCTC-3","3","TAC","Fibroblast",-3.94533398032292,6.02026129109956
"CCCTCCTTCCACTGGG-3","3","TAC","Fibroblast",-3.6841528642188,9.07209635121919
"CCGGGATAGCACGCCT-3","3","TAC","Fibroblast",-0.878893457652178,5.17717504842378
"CCGGGATCAGCTATTG-3","3","TAC","Fibroblast",-5.93453552603826,9.05945825917818
"CCGGGATGTAAAGTCA-3","3","TAC","Fibroblast",-5.66381313681706,1.22005677564241
"CCGGTAGAGACTAGGC-3","3","TAC","Fibroblast",-7.3062334287177,4.40036869390108
"CCGTACTCACCTTGTC-3","3","TAC","Fibroblast",-4.74439480185613,0.548271301818863
"CCTACACCATGGTTGT-3","3","TAC","Fibroblast",-3.92637350440129,3.87592578275301
"CCTTACGCACATCTTT-3","3","TAC","Fibroblast",-3.74192359328374,10.2418236766586
"CGAACATAGCGTTTAC-3","3","TAC","Fibroblast",-6.00220587134465,6.06084394795992
"CGAGCACGTCTTTCAT-3","3","TAC","Fibroblast",-4.22652675986394,3.41435599668123
"CGAGCCACATTAGCCA-3","3","TAC","Fibroblast",-3.83936169028386,10.0948205028305
"CGATGGCAGATCCTGT-3","3","TAC","Fibroblast",-6.538309596778,5.31650114400484
"CGATGGCCATCAGTAC-3","3","TAC","Fibroblast",-6.19797565817937,6.96068096501924
"CGCGTTTGTTCTGTTT-3","3","TAC","Fibroblast",-2.56618335127934,4.01907205922701
"CGCTATCCAACAACCT-3","3","TAC","Fibroblast",-4.84578039527043,4.70159817082979
"CGCTATCCAGTATAAG-3","3","TAC","Fibroblast",-6.5755410420905,7.31024122579195
"CGCTATCCATGGGAAC-3","3","TAC","Fibroblast",-4.65664627432927,0.595678630901352
"CGGACACAGGGTCTCC-3","3","TAC","Fibroblast",-6.22925665259465,1.7260201011429
"CGGAGCTAGTGAAGTT-3","3","TAC","Fibroblast",-7.2860975492011,6.8122496639023
"CGGAGTCCATCGGGTC-3","3","TAC","Fibroblast",-5.82210304617986,4.03698301656343
"CGTCACTTCTTGCATT-3","3","TAC","Fibroblast",-5.50634386420354,2.88004970891573
"CGTCCATCAGGTTTCA-3","3","TAC","Fibroblast",-2.73356201529607,6.01342487676241
"CGTCTACTCCTAGTGA-3","3","TAC","Fibroblast",-5.94784595847234,4.8721952472458
"CGTGTAAGTCAATGTC-3","3","TAC","Fibroblast",-5.12242033362492,9.58591509206392
"CGTTAGAAGAACAATC-3","3","TAC","Fibroblast",-3.97727873206243,1.37015629155733
"CGTTAGAAGGCAAAGA-3","3","TAC","Fibroblast",-1.98163297057256,5.52181053502657
"CGTTAGATCTTGCCGT-3","3","TAC","Fibroblast",-3.75011899352178,3.00489044530489
"CGTTCTGAGCCATCGC-3","3","TAC","Fibroblast",-3.75264050841435,4.0688152347336
"CTACGTCTCAGGCCCA-3","3","TAC","Fibroblast",-1.91644658923253,4.96303129537202
"CTAGAGTTCCTATGTT-3","3","TAC","Fibroblast",-6.88477232337102,7.97295141561128
"CTAGCCTAGGCACATG-3","3","TAC","Fibroblast",-4.76650860190495,2.63164782865144
"CTAGTGATCAGCATGT-3","3","TAC","Fibroblast",-4.22883179068669,2.87587738378145
"CTCGAAAAGGGTCTCC-3","3","TAC","Fibroblast",-6.66248228430852,8.08368444783784
"CTCGGAGTCTGCGTAA-3","3","TAC","Fibroblast",-2.86544372916326,4.97668600423433
"CTGCTGTAGACACTAA-3","3","TAC","Fibroblast",0.688793219326887,4.78773165090181
"CTGCTGTGTGATGCCC-3","3","TAC","Fibroblast",-4.8307171094428,5.74541092259981
"CTGGTCTTCATACGGT-3","3","TAC","Fibroblast",-2.29381444335088,6.66634559972383
"CTGTTTACATTACGAC-3","3","TAC","Fibroblast",-2.76535179495915,4.22026586873628
"CTGTTTATCTAACGGT-3","3","TAC","Fibroblast",-3.44702603697881,6.23446607930757
"GAACATCTCGCTTAGA-3","3","TAC","Fibroblast",-7.40346290946111,5.85843277318575
"GACACGCCAAACGTGG-3","3","TAC","Fibroblast",-5.08691885352239,6.89513349874117
"GACACGCCATATGCTG-3","3","TAC","Fibroblast",-4.88646938681706,-0.423456278013214
"GACGCGTTCTCCAGGG-3","3","TAC","Fibroblast",-5.78110554099187,6.85854292256929
"GACGGCTAGAGGTTGC-3","3","TAC","Fibroblast",-5.17169716239079,8.14850283010103
"GATCGCGCAGACAAGC-3","3","TAC","Fibroblast",-1.41274394869908,5.49926472051241
"GATGCTAGTCTCGTTC-3","3","TAC","Fibroblast",-7.99996044516667,4.033871177269
"GATGCTATCAACGAAA-3","3","TAC","Fibroblast",-7.19381048560246,6.28543949468233
"GATTCAGGTACTTAGC-3","3","TAC","Fibroblast",-1.8381394374381,6.27958631856538
"GCAGTTACATTGGCGC-3","3","TAC","Fibroblast",-7.25422432303533,3.00755000455476
"GCATGATTCCTTTCTC-3","3","TAC","Fibroblast",-4.62970735907659,3.57445979459383
"GCCAAATCATCGACGC-3","3","TAC","Fibroblast",-6.9712610471259,3.21420955998994
"GCCTCTAAGTATGACA-3","3","TAC","Fibroblast",-5.66337301612004,9.65955782277681
"GCTGCGATCAATCACG-3","3","TAC","Fibroblast",0.362054593562041,5.20092487676241
"GCTGCTTCAAGGACTG-3","3","TAC","Fibroblast",-4.89622690558537,0.795706096721664
"GGAAAGCGTATAATGG-3","3","TAC","Fibroblast",-4.90265323996648,7.69967413289644
"GGAATAAAGAGTGAGA-3","3","TAC","Fibroblast",-3.90652921080693,3.00286269528963
"GGACAGAAGCGAAGGG-3","3","TAC","Fibroblast",-5.35972883582219,6.43272924764253
"GGACATTGTACCGGCT-3","3","TAC","Fibroblast",-2.62827327132329,2.77178001744844
"GGCCGATAGACTTGAA-3","3","TAC","Fibroblast",-4.39928581595525,10.2149081264267
"GGGACCTGTGGGTATG-3","3","TAC","Endothelial",-0.320318870545473,4.98596334798433
"GGGCACTGTAGAGTGC-3","3","TAC","Fibroblast",-8.31176521659001,4.25604009969331
"GGGTTGCTCCCTCTTT-3","3","TAC","Fibroblast",-6.3823561894904,1.99105120046236
"GGTATTGGTTTAAGCC-3","3","TAC","Fibroblast",-5.04621841788396,2.88175344808199
"GGTGCGTTCCCGGATG-3","3","TAC","Fibroblast",-3.33678223967656,5.39978790624239
"GTAACGTGTGCGGTAA-3","3","TAC","Fibroblast",-3.93394901633367,3.32361913068391
"GTACGTATCCGGGTGT-3","3","TAC","Fibroblast",-1.80582573294743,7.18187761647798
"GTACTCCAGGACTGGT-3","3","TAC","Fibroblast",-4.83405783057317,5.68913269384004
"GTCACAATCGACAGCC-3","3","TAC","Fibroblast",-3.05261781096562,5.08224153859712
"GTCCTCAAGTACGTAA-3","3","TAC","Fibroblast",-4.07518293738469,7.50397491796114
"GTCTCGTAGAACTCGG-3","3","TAC","Fibroblast",-5.69811727881535,8.35320616109468
"GTCTTCGGTCTGGAGA-3","3","TAC","Fibroblast",-3.15238621115788,8.47914743764497
"GTGAAGGTCATTTGGG-3","3","TAC","Fibroblast",-6.69134380698308,5.66300964696504
"GTGCATAGTGACGCCT-3","3","TAC","Fibroblast",-5.9687180745612,5.55789900167085
"GTGCTTCGTACATGTC-3","3","TAC","Fibroblast",-4.37666752219304,7.32180023534395
"GTGCTTCTCACTTCAT-3","3","TAC","Fibroblast",-6.50437834143742,7.09540462834932
"GTGTGCGTCAACTCTT-3","3","TAC","Fibroblast",-4.16809942603215,9.10085630757906
"GTGTGCGTCCATGAAC-3","3","TAC","Fibroblast",-4.69365408301457,8.51003599507906
"GTGTTAGAGTACGCGA-3","3","TAC","Fibroblast",-4.81353380560979,7.94272661550142
"GTTACAGGTCGCGTGT-3","3","TAC","Fibroblast",-0.689101778269853,4.90799522740938
"GTTCATTCAACTTGAC-3","3","TAC","Fibroblast",-5.62333299994573,6.32953167302705
"TAAGAGAGTTACGTCA-3","3","TAC","Fibroblast",-3.80718018889531,9.47638273580171
"TAAGAGATCGGAAATA-3","3","TAC","Fibroblast",-3.65969111800298,4.90811825139619
"TAAGCGTCACCAGGCT-3","3","TAC","Fibroblast",-5.77238466620549,7.47778368337251
"TACGGTATCTACCAGA-3","3","TAC","Fibroblast",-0.876130484343614,5.21195030553438
"TAGAGCTAGCTGGAAC-3","3","TAC","Fibroblast",-3.92949797988042,4.55054188115694
"TAGAGCTGTTGGTTTG-3","3","TAC","Fibroblast",-7.48313190817937,7.10047722203828
"TATGCCCCAGCGTAAG-3","3","TAC","Fibroblast",-6.55779888510808,1.55034780843355
"TATGCCCGTCATACTG-3","3","TAC","Fibroblast",-4.2417311894904,10.0534033809433
"TCACGAACAATACGCT-3","3","TAC","Fibroblast",-1.80322804331883,6.47453976018526
"TCACGAATCAGGTTCA-3","3","TAC","Fibroblast",-6.98329021811589,1.71463716371156
"TCACGAATCGGAATCT-3","3","TAC","Fibroblast",-4.61989405036076,-0.389437821077332
"TCAGATGTCTGAGTGT-3","3","TAC","Fibroblast",-6.82118894934758,5.7379670177231
"TCAGGTACAGCGATCC-3","3","TAC","Fibroblast",-3.31603696227178,6.87155390126802
"TCATTTGGTACATCCA-3","3","TAC","Fibroblast",-3.30994727492436,7.42723226888277
"TCCCGATCAGGTCGTC-3","3","TAC","Fibroblast",-3.05422546744451,4.66914606435396
"TCGTACCCATAAGACA-3","3","TAC","Fibroblast",-5.12499430060491,9.56707716329195
"TCTATTGGTCGGGTCT-3","3","TAC","Fibroblast",-4.79611017584905,3.58921099050142
"TCTCTAACACAGCCCA-3","3","TAC","Fibroblast",-4.44475366950139,7.80833912236787
"TCTTCGGGTTAAGATG-3","3","TAC","Fibroblast",-3.63260581374272,4.74227524144746
"TCTTTCCAGACTAAGT-3","3","TAC","Fibroblast",-2.79576113104924,4.47804594380952
"TCTTTCCAGCACACAG-3","3","TAC","Fibroblast",-3.40889170050725,5.1893658672104
"TGAAAGAGTGTCAATC-3","3","TAC","Fibroblast",-1.17607393145665,6.3479146991501
"TGACGGCTCCAATGGT-3","3","TAC","Fibroblast",-5.36664249777898,3.87319207532503
"TGACTAGAGATCACGG-3","3","TAC","Fibroblast",0.106257334052477,4.99254513127901
"TGACTAGTCATGTCTT-3","3","TAC","Fibroblast",-2.35491158843144,5.7451748882065
"TGAGGGACAGCTGCTG-3","3","TAC","Fibroblast",-5.11165668845281,4.01472711904146
"TGCACCTAGCGTCTAT-3","3","TAC","Fibroblast",-3.60697152495488,3.14095068318941
"TGCACCTTCTATCCTA-3","3","TAC","Fibroblast",-4.00633098960027,3.71485329015352
"TGCCCATCAACACCCG-3","3","TAC","Fibroblast",-4.27439691901311,2.35969925267793
"TGCCCTAAGTTACCCA-3","3","TAC","Fibroblast",-5.0945258367072,3.78185248715974
"TGCCCTAGTTACGACT-3","3","TAC","Fibroblast",-0.97402670264348,5.72988176686861
"TGCGCAGTCAACGGGA-3","3","TAC","Fibroblast",-6.4415922391425,8.64184809072115
"TGCTACCTCAGTCCCT-3","3","TAC","Fibroblast",0.54659656405345,5.31468725545503
"TGCTGCTGTCCTGCTT-3","3","TAC","Fibroblast",-0.0338912311206719,4.45241451604463
"TGCTGCTGTCTAGTCA-3","3","TAC","Fibroblast",-7.5001540410529,2.5862598453293
"TGGACGCAGAGCCTAG-3","3","TAC","Fibroblast",-4.5325198400031,1.77594781262971
"TGGCTGGGTACTCGCG-3","3","TAC","Fibroblast",-5.05088140845403,4.47932100637056
"TGGCTGGTCATGTAGC-3","3","TAC","Fibroblast",-0.0091867822419068,4.63711500508882
"TGGGCGTCACCAGGCT-3","3","TAC","Fibroblast",-0.515380285979356,5.86654425008394
"TGGTTAGTCGGTGTTA-3","3","TAC","Fibroblast",0.0551298769925574,4.90273762090303
"TGTATTCCAGTGACAG-3","3","TAC","Fibroblast",-3.33800604224309,6.54394007070161
"TGTATTCTCGACCAGC-3","3","TAC","Fibroblast",-7.00323011756047,2.5793280635605
"TGTGGTAGTAGCGTGA-3","3","TAC","Fibroblast",-2.63374211669072,3.03789592130281
"TGTGGTATCACTATTC-3","3","TAC","Fibroblast",-1.02885987639531,4.93962574346162
"TTAGGCACAGACGCAA-3","3","TAC","Fibroblast",-3.74594166159734,5.54141617162325
"TTAGTTCAGGCTACGA-3","3","TAC","Fibroblast",-5.00134088873967,9.54469919545747
"TTCTACACAAGCCATT-3","3","TAC","Fibroblast",-4.41227724433049,1.46694910867311
"TTCTCAATCTTGCCGT-3","3","TAC","Fibroblast",-5.89666082739934,6.68587065084077
"TTCTCCTGTATGCTTG-3","3","TAC","Fibroblast",-7.40364601492986,2.95160270078279
"TTCTCCTTCCGCGTTT-3","3","TAC","Fibroblast",-5.94528200507268,2.52643299443819
"TTGCCGTAGTGGGATC-3","3","TAC","Fibroblast",-1.91629435896977,6.93760633809663
"TTGGAACGTGACCAAG-3","3","TAC","Fibroblast",-3.59522511839971,4.14846706731416
"TTGGCAAGTGTCGCTG-3","3","TAC","Fibroblast",-5.55428888678655,6.78408575399019
"TTTACTGTCCATTCTA-3","3","TAC","Fibroblast",-5.17178966879949,7.55992651326753
"TTTCCTCAGGAATGGA-3","3","TAC","Fibroblast",-3.21600677847966,1.92575359685518
"TTTCCTCTCGGCGCTA-3","3","TAC","Fibroblast",-4.57102014899358,0.851436916423812
"TTTGTCAAGATCTGCT-3","3","TAC","Fibroblast",-4.07567694068059,4.76806259496309
"CAAGTTGCAGGGTACA-2","2","SHAM","MP.MO.Derived",10.0036492121209,1.29782760484315
"CACAAACTCGTTTAGG-2","2","SHAM","DC",4.38112924218074,0.817894700599685
"CCGTTCAGTCTTGTCC-2","2","SHAM","MP.Resident",11.7615847361077,2.61214256627657
"CGTTAGATCGTTTGCC-2","2","SHAM","DC",4.61680553078548,0.626019719673172
"CTACACCTCTAGCACA-2","2","SHAM","DC",4.37699744820491,0.741027477813736
"TGAAAGACATGGTCAT-2","2","SHAM","Endothelial",3.76389548897639,-1.91334366457365
"TGAGCATCAGCATACT-2","2","SHAM","Endothelial",5.31642768502132,-6.46400355951689
"TGGCCAGCATGCCCGA-2","2","SHAM","DC",4.46921918511287,0.610614064765945
"TGTGGTACAGCTTAAC-2","2","SHAM","Lymphoid",4.06794641137019,3.12206888539888
"TTCTACAGTCGCGTGT-2","2","SHAM","DC",4.45621869683162,1.42467153413393
"AACCGCGAGGCGACAT-3","3","TAC","DC",4.50620124459163,0.621461454463974
"ACCGTAAAGACTCGGA-3","3","TAC","Lymphoid",3.80112407326594,3.30518913610078
"AGAGTGGTCGTGACAT-3","3","TAC","MP.Resident",12.0610785257806,3.23921442372896
"AGTGAGGGTTATCGGT-3","3","TAC","Fibroblast",-2.06839277625188,7.85723162038423
"ATTATCCAGCTACCGC-3","3","TAC","Lymphoid",3.89233205437556,3.2533056770096
"ATTCTACTCATTGCCC-3","3","TAC","MP.MO.Derived",8.31445739388362,2.99697637899019
"CCTTTCTTCTCAAGTG-3","3","TAC","MP.Resident",11.888258434533,2.10212612493135
"CGAGCACCATCACGTA-3","3","TAC","Endothelial",-0.538554571868028,-11.0469803776016
"CGGACTGCAGTCCTTC-3","3","TAC","DC",4.62808940529719,0.649516287876144
"CGTGTCTGTTGCGTTA-3","3","TAC","DC",4.56949851632014,0.643450621200576
"GAAATGATCTTGTATC-3","3","TAC","Endothelial",2.57335112213985,-9.12777089731596
"GATCGATAGTTATCGC-3","3","TAC","Lymphoid",3.92644593834773,3.18577099187471
"GATGAGGCACAGCGTC-3","3","TAC","Lymphoid",3.86780092835322,3.21265673978426
"GGCTCGAAGGGATCTG-3","3","TAC","DC",4.39882037758723,0.750985506607071
"GTTTCTACAATAAGCA-3","3","TAC","Fibroblast",-1.21850683570012,7.19515419347383
"GTTTCTAGTGTGACCC-3","3","TAC","MP.MO.Derived",11.6000466120233,2.75331330640413
"CCTATTAAGACGCACA-2","2","SHAM","Endothelial",-7.93156006217107,0.0584530715475232
"GTTCTCGCATTCTCAT-2","2","SHAM","Endothelial",-7.92275669455632,0.198160174919143
"CATTCGCCAAAGTGCG-3","3","TAC","Endothelial",-8.09721424460515,-0.0576854444464296
"AACCATGTCCACGCAG-2","2","SHAM","Pericyte",2.67163918137446,-8.16585206644438
"AACTGGTCACGGTAGA-2","2","SHAM","Pericyte",-1.34448172927007,-6.73218583719633
"AACTTTCCACTATCTT-2","2","SHAM","Pericyte",-0.438602678776827,-7.5696124996414
"ACACCGGAGATCACGG-2","2","SHAM","Pericyte",-0.267220311165895,-7.87735604898833
"ACGAGCCAGAGGTTGC-2","2","SHAM","Pericyte",1.1777024042596,-7.78863381998442
"ACGATACAGAGGTAGA-2","2","SHAM","Pericyte",4.23315045952693,-6.64020442621611
"ACTGAGTAGGACGAAA-2","2","SHAM","Pericyte",-2.07181575179204,-7.48543023722075
"AGAGCGATCTTGTTTG-2","2","SHAM","Pericyte",0.794559277295027,-7.24399232523344
"AGCGTATCAGTCGTGC-2","2","SHAM","Fibroblast",-5.89329149603948,-2.25884127275847
"AGGTCCGGTGTTGGGA-2","2","SHAM","Pericyte",-3.23569252371892,-5.93280315058134
"AGTCTTTGTAGTACCT-2","2","SHAM","Pericyte",-1.5581408965598,-7.52329015390776
"ATCATGGTCTCGGACG-2","2","SHAM","Fibroblast",-4.94682457327947,2.46465421063997
"ATCGAGTCAGAGCCAA-2","2","SHAM","Pericyte",2.34527537941829,-7.71463155405424
"ATGCGATTCGGCGCAT-2","2","SHAM","Fibroblast",-6.45117666602239,-1.45853185312651
"CAGAATCGTGGGTCAA-2","2","SHAM","Pericyte",-1.41699721694097,-7.49812984125517
"CAGAATCTCCTCAACC-2","2","SHAM","Pericyte",0.144368245898638,-7.74222325937651
"CAGCTAAAGACACTAA-2","2","SHAM","Fibroblast",-6.23090603232488,-1.57941937105559
"CATGACAAGGGTGTGT-2","2","SHAM","Pericyte",0.347753293513212,-7.71235799448393
"CATGCCTGTACTCAAC-2","2","SHAM","Endothelial",1.10653863072291,-9.9210267032852
"CCATTCGTCACGCGGT-2","2","SHAM","Pericyte",1.36867938160792,-7.18149995462798
"CCCAATCCAGGACGTA-2","2","SHAM","Fibroblast",-5.2431378591071,-1.81245445864104
"CCCAGTTGTGACGCCT-2","2","SHAM","Pericyte",2.26501700997249,-7.61658191339873
"CCGGTAGGTCGCATAT-2","2","SHAM","Pericyte",2.1872591745843,-8.82653951303862
"CCGGTAGTCTCTAGGA-2","2","SHAM","Pericyte",3.58697602867976,-8.22812413828276
"CCTATTAGTTTGTTTC-2","2","SHAM","Fibroblast",-6.16064741492375,-1.26449322359465
"CGACCTTTCTGGGCCA-2","2","SHAM","Fibroblast",-7.89798357367619,5.90432024343111
"CGAGCCAGTACAAGTA-2","2","SHAM","Pericyte",-2.25353147864446,-8.20758771555327
"CGTCCATAGTGGGTTG-2","2","SHAM","Endothelial",2.8684217703332,-9.36466931955717
"CTCAGAACAAAGAATC-2","2","SHAM","Pericyte",-0.635778509379472,-7.06271600382231
"CTCATTAAGGGCTCTC-2","2","SHAM","Pericyte",0.341616131066237,-7.03280257837675
"CTCGAAAAGTCTCGGC-2","2","SHAM","Pericyte",3.06886384606257,-7.95474767343901
"CTCTACGTCCGTTGTC-2","2","SHAM","Endothelial",4.814145065545,-6.94856357233427
"CTGTGCTAGCCGCCTA-2","2","SHAM","Pericyte",4.14239308953181,-6.40175246851347
"GACGTTAGTGCCTGGT-2","2","SHAM","Fibroblast",-6.21067764639958,-0.684582945274338
"GACTAACAGCTAGCCC-2","2","SHAM","Pericyte",0.898940480946455,-7.27640008585356
"GACTAACAGGTCATCT-2","2","SHAM","Fibroblast",1.71772334694758,-6.11658858911894
"GACTAACTCATACGGT-2","2","SHAM","Pericyte",2.99699566483394,-6.87787532465361
"GACTGCGTCCGCAAGC-2","2","SHAM","Pericyte",-3.90810086608037,-7.49866437570952
"GCAATCACACGGATAG-2","2","SHAM","Pericyte",2.10421750664607,-6.84361982004546
"GCGCAACAGAAGGTGA-2","2","SHAM","SMC",-4.4817009198676,-6.63437652246855
"GCGCAGTGTGTTAAGA-2","2","SHAM","Pericyte",3.13449452042476,-7.12729692118071
"GGGTCTGTCATGTCCC-2","2","SHAM","Pericyte",-1.73347856879338,-7.49054574625395
"GTCATTTCAGCGTCCA-2","2","SHAM","Fibroblast",-6.50235082984075,-0.659690913127884
"GTCCTCAAGATGTCGG-2","2","SHAM","Pericyte",4.07276914238826,-6.66529988901518
"GTCCTCACAGATTGCT-2","2","SHAM","Fibroblast",-5.85344364523992,-2.46899747507475
"GTGCATATCGTGTAGT-2","2","SHAM","Pericyte",4.56716010689632,-6.45923232691191
"TACACGACAAGCCGCT-2","2","SHAM","Endothelial",-1.53518333315953,-8.4434351886978
"TACAGTGTCGCCGTGA-2","2","SHAM","Pericyte",-0.0794518071423432,-7.00170182840727
"TCACAAGAGAATGTGT-2","2","SHAM","Pericyte",1.13173327565089,-6.95096730844878
"TCAGCTCCACCGAATT-2","2","SHAM","Pericyte",-0.358987652064409,-7.76331948892973
"TCTATTGCAAGACACG-2","2","SHAM","Pericyte",0.591919041870985,-7.30223273889922
"TCTATTGCATCCGCGA-2","2","SHAM","Pericyte",1.95727787136928,-7.97175693170927
"TGAAAGAGTTTCGCTC-2","2","SHAM","Fibroblast",2.27236817002193,-5.75816011087798
"TGAGGGAGTCTTGCGG-2","2","SHAM","Pericyte",-2.77998998046025,-7.46339559214018
"TGCACCTAGTAGGTGC-2","2","SHAM","Pericyte",2.94653461098567,-7.61618566172026
"TGCACCTAGTGTGAAT-2","2","SHAM","Pericyte",3.37552640557185,-7.37623500482939
"TGCGTGGAGCTAAACA-2","2","SHAM","Pericyte",3.78678367257014,-7.41566943781279
"TGGACGCTCAATAAGG-2","2","SHAM","Pericyte",0.210894725917731,-7.06292867319487
"TGGCTGGTCGTGACAT-2","2","SHAM","Pericyte",-3.88075997710332,-5.92107677118681
"TGGGCGTGTCAACTGT-2","2","SHAM","Pericyte",-0.86762120604619,-7.1248693432083
"TGTGGTACAATCGAAA-2","2","SHAM","Pericyte",-3.52332451224431,-5.86761140482329
"TGTGTTTTCATACGGT-2","2","SHAM","Pericyte",-3.61073520064458,-6.84056234018706
"TGTGTTTTCCTTGGTC-2","2","SHAM","Pericyte",-0.0917707014094254,-7.01357459680937
"TTCGAAGCAACGATCT-2","2","SHAM","Pericyte",1.48198101639644,-8.46213292734526
"TTCTCAAAGACGACGT-2","2","SHAM","Pericyte",1.76731977581874,-7.58502387659453
"AACTCTTGTTATCGGT-3","3","TAC","Fibroblast",-6.22794153571233,-2.09594797747038
"ACGGAGAAGTGATCGG-3","3","TAC","Pericyte",0.506895608900938,-6.78489827768706
"ACTGCTCAGTCGTTTG-3","3","TAC","Fibroblast",-4.41080000281438,-5.55125140802763
"AGATCTGGTCTTTCAT-3","3","TAC","Pericyte",0.350250132082854,-7.60484075205229
"ATGCGATCAGCTGGCT-3","3","TAC","Pericyte",2.76583907723323,-7.97112369196318
"CATTATCTCCGCTGTT-3","3","TAC","Pericyte",4.04598591446773,-6.3703002895584
"CCATGTCGTTATTCTC-3","3","TAC","Fibroblast",-5.11027910590276,-0.532494392560944
"CCGGGATAGAGTAAGG-3","3","TAC","Pericyte",-3.53832414031133,-6.00511216776274
"CGTGTAATCTGGCGTG-3","3","TAC","Pericyte",0.375280655621443,-8.43954419748686
"GATCAGTGTCCGTGAC-3","3","TAC","Pericyte",1.03513023972407,-7.65487813608549
"GCTTCCAAGCCTCGTG-3","3","TAC","Endothelial",3.56623385071651,-9.08984803812407
"GTGTGCGGTACTCAAC-3","3","TAC","Endothelial",0.0135789212574104,-10.0327877964249
"TATTACCTCATCTGTT-3","3","TAC","Pericyte",2.4555799734582,-8.27545690195464
"TCAGCTCAGATCTGCT-3","3","TAC","Pericyte",3.08713839173213,-7.25895166056059
"AGGGAGTAGACCCACC-2","2","SHAM","Neuron",-9.98315670371159,-4.64839744226836
"GACGCGTAGCCCAGCT-2","2","SHAM","Neuron",-9.79984524130925,-5.06551408426665
"TTCTCCTTCTAAGCCA-2","2","SHAM","Neuron",-9.94235374808415,-4.73766278879546
"AAAGATGGTGTTTGGT-2","2","SHAM","Endothelial",2.21441981911555,-2.05781912462614
"AAAGTAGCACATTTCT-2","2","SHAM","Endothelial",1.42244932770625,-2.33817195551299
"ACAGCCGCAACTGCTA-2","2","SHAM","Endothelial",0.0928795595456699,-3.05806350366972
"ACTTGTTTCATGGTCA-2","2","SHAM","Endothelial",-0.0765193182240388,-3.61524200098418
"ACTTGTTTCTTGGGTA-2","2","SHAM","Endothelial",1.28312728524104,-2.24536776201628
"AGAGTGGTCGGTGTCG-2","2","SHAM","Endothelial",0.49362540960208,-2.74241041796111
"ATCATCTAGTGTGAAT-2","2","SHAM","Endothelial",0.44296548485652,-1.21642338888548
"CAACCAAAGCCATCGC-2","2","SHAM","Endothelial",0.208562098144446,-3.14761328356169
"CACATAGAGAAACGCC-2","2","SHAM","Endothelial",0.147401332556162,-2.29773497240447
"CCACCTATCAGCCTAA-2","2","SHAM","Endothelial",1.26582584500209,-1.75341009752654
"CCATGTCTCACTATTC-2","2","SHAM","Endothelial",1.24148318886653,-1.79560267584227
"CCCAATCAGGCACATG-2","2","SHAM","Endothelial",1.45230362534419,-1.50675415651701
"CCGGGATTCGAGAACG-2","2","SHAM","Endothelial",-2.17998983740911,-3.45603298799895
"CGACCTTGTATAGGGC-2","2","SHAM","Endothelial",0.281791664360915,-1.96390056269072
"CGATTGATCATATCGG-2","2","SHAM","Endothelial",3.34827039360896,-2.22078895227812
"CTAAGACTCGGAAATA-2","2","SHAM","Endothelial",1.52997300743953,-2.64822840349577
"CTACATTCAGGGATTG-2","2","SHAM","Endothelial",-0.329490177632417,-2.78410982744597
"CTTCTCTTCGCGGATC-2","2","SHAM","Endothelial",-0.00923872768982856,-3.68587541239165
"GACGTGCCATAACCTG-2","2","SHAM","Endothelial",0.32026747584239,-1.7678079570999
"GAGTCCGTCACATAGC-2","2","SHAM","Endothelial",0.739946938752089,-2.1089944805374
"GGTGCGTGTAAGGATT-2","2","SHAM","Endothelial",-0.588005446196642,-5.1952514614334
"GTGAAGGAGTACCGGA-2","2","SHAM","Endothelial",-0.671524070502367,-4.33748626367949
"TCATTTGCATGCCCGA-2","2","SHAM","Endothelial",1.75013158440486,-2.4926352466812
"TCGTACCGTTTGTTGG-2","2","SHAM","Endothelial",0.396433509587202,-3.15483855860136
"TCTCTAACACGCCAGT-2","2","SHAM","Endothelial",0.533111221789275,-2.2960963215103
"TCTCTAATCTTTAGTC-2","2","SHAM","Endothelial",-0.329438053370561,-3.18062114374541
"TCTGAGATCGCCTGAG-2","2","SHAM","Endothelial",0.449153281449232,-2.85364651338957
"TCTGAGATCGTACCGG-2","2","SHAM","Endothelial",0.808668054341231,-1.74781644003294
"TGAGGGATCAAAGACA-2","2","SHAM","Endothelial",1.48308596730128,-1.87985431806944
"ACACTGATCATTTGGG-3","3","TAC","Endothelial",-0.414693735838976,-2.94184803621672
"ACGGCCACATCACGTA-3","3","TAC","Endothelial",1.1577124369134,-2.23887371675871
"CCCAATCTCAGTGTTG-3","3","TAC","Endothelial",1.49188087105647,-1.692447182106
"CGGACACCACCTATCC-3","3","TAC","Endothelial",0.146086409388933,-2.01953160421751
"CTCTGGTCACACAGAG-3","3","TAC","Endothelial",0.307646639346037,-2.17160248415373
"GGGTTGCGTAGGAGTC-3","3","TAC","Endothelial",0.700494385956679,-3.08878111498259
"TATCTCACACCTGGTG-3","3","TAC","Endothelial",0.408528454302702,-2.94268941538237
"TCTGAGAGTCATCGGC-3","3","TAC","Endothelial",0.895009554623518,-1.69142794268034
"TGAAAGATCTGGTGTA-3","3","TAC","Endothelial",1.81313488602534,-2.37210726396941
"TGTATTCCAGGATCGA-3","3","TAC","Endothelial",-0.0284477773319146,-3.25537442819975
"TTAACTCGTCTAGGTT-3","3","TAC","Endothelial",-1.15488865256413,-4.7786140407791
"AAATGCCCAGACGCAA-2","2","SHAM","Endothelial.Lymphatic",-2.26706673979863,-2.280981298851
"CGATGGCTCACGAAGG-2","2","SHAM","Endothelial.Lymphatic",-3.26576282858953,-2.63098621027373
"CGTCACTCAGGTCTCG-2","2","SHAM","Endothelial.Lymphatic",-2.9343695867072,-2.15962981836699
"CGTTCTGCAGGACGTA-2","2","SHAM","Endothelial.Lymphatic",-2.29207947135076,-2.34678005831145
"CTTCTCTAGATCTGAA-2","2","SHAM","Endothelial.Lymphatic",-3.5879991281043,-2.70555042879485
"GTCACGGTCTGAGGGA-2","2","SHAM","Endothelial.Lymphatic",-3.56363394141301,-2.78944611208342
"GTGTGCGTCTTGTTTG-2","2","SHAM","Endothelial.Lymphatic",-2.36132433295354,-2.46346449510954
"ATCATCTTCAATACCG-3","3","TAC","Endothelial.Lymphatic",-2.45362379431828,-2.18730926172636
"CCAATCCTCGACGGAA-3","3","TAC","Endothelial.Lymphatic",-3.68632986426457,-3.03496980326079
"CCAGCGATCGATCCCT-3","3","TAC","Endothelial.Lymphatic",-2.23483564734563,-2.36985826151274
"CCATGTCCACAGGCCT-3","3","TAC","Endothelial.Lymphatic",-3.14140179038152,-1.7520049776306
"CGACTTCAGGATCGCA-3","3","TAC","Endothelial.Lymphatic",-1.99595382094487,-2.66428327219389
"CGCTATCTCGTAGGTT-3","3","TAC","Endothelial.Lymphatic",-2.26932098746404,-2.31511258737944
"CTGGTCTCACAACTGT-3","3","TAC","Endothelial.Lymphatic",-3.46142914176091,-2.80744695322417
"GCGACCAAGCGAGAAA-3","3","TAC","Endothelial.Lymphatic",-2.03279044509038,-2.66951822893523
"GCTGCTTGTTCAGACT-3","3","TAC","Endothelial.Lymphatic",-3.28686931014165,-2.31184005396269
"GGACAAGAGTCTCAAC-3","3","TAC","Endothelial.Lymphatic",-3.74856045127019,-3.22215294496916
"TCAATCTCAAATCCGT-3","3","TAC","Endothelial.Lymphatic",-2.36208488822087,-3.18479942934416
"TTTGTCACAGACACTT-3","3","TAC","Endothelial.Lymphatic",-2.77550794959172,-2.29724239962004
